15033	ょ	う
7484	て	い
6341	し	ょ
6117	っ	て
5998	ゅ	う
5875	し	て
5588	な	い
5389	か	い
5357	よ	う
5318	こ	う
5196	っ	た
5075	か	ん
5059	う	し
5009	し	た
4765	こ	と
4724	せ	い
4691	た	い
4319	じ	ょ
4239	す	。
4040	た	。
3950	す	る
3904	か	ら
3840	と	い
3804	い	し
3743	ま	す
3740	し	ゅ
3661	は	、
3632	ん	し
3497	で	す
3469	る	。
3448	ん	の
3443	き	ょ
3382	い	る
3352	い	の
3326	い	う
3299	う	に
3279	さ	い
3206	あ	る
3169	し	ん
3073	せ	ん
3055	ん	で
3028	と	う
2951	う	の
2930	い	た
2925	し	ゃ
2916	ん	が
2860	と	し
2859	ち	ょ
2854	ど	う
2752	う	か
2750	だ	い
2737	け	ん
2711	ん	と
2666	て	き
2610	い	か
2560	そ	う
2549	ん	に
2526	さ	ん
2486	が	、
2482	の	で
2456	い	て
2447	い	ま
2443	ん	か
2442	ほ	う
2322	の	か
2320	に	は
2318	が	い
2288	け	い
2229	い	と
2217	る	と
2195	い	。
2121	ん	だ
2090	い	ん
2086	も	の
2085	て	、
2076	い	に
2071	ん	じ
2050	ひ	と
2046	ぶ	ん
2045	う	じ
2043	ん	を
2041	じ	ゅ
2033	か	く
2033	に	な
2026	ら	い
2023	で	は
2016	げ	ん
2006	は	な
1996	く	し
1958	、	こ
1951	で	あ
1942	る	の
1935	な	か
1922	こ	の
1920	い	っ
1915	り	ょ
1914	の	し
1910	で	、
1889	の	は
1885	ょ	く
1877	ま	し
1874	の	こ
1857	い	で
1846	る	こ
1841	い	き
1838	う	が
1825	さ	れ
1821	う	い
1818	し	ま
1818	た	の
1815	う	な
1812	そ	の
1811	い	が
1800	う	で
1788	ほ	ん
1775	っ	と
1759	ん	な
1752	う	と
1736	う	き
1736	お	も
1724	き	に
1722	か	っ
1688	は	い
1672	う	こ
1662	り	ま
1652	で	き
1644	れ	て
1643	、	そ
1630	と	は
1623	が	あ
1616	こ	ん
1612	な	っ
1597	う	を
1579	ぜ	ん
1558	い	は
1537	て	ん
1531	あ	い
1528	い	さ
1528	い	ち
1506	は	ん
1504	お	ん
1490	と	お
1489	さ	く
1483	い	じ
1482	ん	は
1477	い	い
1449	に	か
1449	れ	る
1440	そ	れ
1431	い	な
1427	お	お
1421	し	か
1420	き	ゅ
1411	ね	ん
1398	し	、
1389	か	た
1387	と	が
1386	か	し
1385	で	も
1384	う	は
1373	い	を
1369	ざ	い
1354	う	。
1346	と	も
1346	な	ど
1332	た	し
1332	ん	き
1325	に	し
1321	う	せ
1321	て	も
1314	き	な
1306	と	に
1304	な	ん
1300	と	か
1300	め	い
1300	ん	せ
1295	く	な
1295	の	う
1292	く	に
1291	く	の
1289	え	ん
1281	り	、
1272	ち	ゅ
1269	き	ん
1268	ん	た
1260	う	ち
1259	あ	り
1248	、	し
1237	れ	た
1233	で	し
1231	も	う
1229	と	き
1226	う	り
1225	た	ん
1217	、	い
1217	こ	れ
1215	た	か
1211	ぎ	ょ
1209	し	い
1197	つ	か
1193	い	こ
1187	と	、
1183	こ	ろ
1180	う	さ
1179	う	す
1178	、	か
1178	だ	ん
1178	っ	く
1173	な	る
1170	と	こ
1164	ら	、
1159	す	が
1154	る	か
1145	と	の
1145	を	か
1141	だ	。
1139	き	た
1129	じ	ん
1126	を	し
1124	う	ほ
1121	ら	れ
1118	ん	こ
1117	か	な
1116	ん	て
1111	に	、
1098	に	ん
1096	つ	い
1092	。	そ
1087	ろ	う
1086	た	と
1085	に	お
1085	の	じ
1083	な	く
1078	だ	け
1077	い	く
1072	ま	で
1070	つ	き
1051	や	く
1044	た	り
1044	に	つ
1044	も	、
1043	い	け
1042	、	じ
1041	こ	く
1039	ゆ	う
1033	も	ん
1029	と	を
1023	ん	さ
1016	ん	ど
1013	い	せ
1012	が	く
1012	な	が
1012	れ	ば
1010	た	め
1006	の	だ
1004	の	よ
1003	う	け
998	、	あ
998	と	な
996	、	お
993	た	ら
989	。	こ
989	お	い
986	と	り
980	っ	か
977	も	い
972	に	も
968	ー	る
963	い	、
960	た	が
958	て	し
954	あ	っ
953	の	た
951	っ	し
949	の	き
942	、	と
938	い	す
935	き	の
933	の	と
933	ば	ん
930	ま	せ
920	く	り
916	も	っ
908	い	だ
908	な	ら
901	く	て
898	を	お
897	な	し
897	な	り
892	ら	な
890	た	く
888	に	あ
887	ま	っ
886	の	な
885	ん	、
884	い	よ
882	ま	え
881	た	ち
879	う	だ
879	ん	す
876	の	が
871	く	を
866	せ	つ
862	し	の
859	と	で
856	れ	ん
855	つ	の
854	ん	り
852	く	ら
852	の	お
844	を	つ
843	ば	い
842	の	あ
841	に	ゅ
840	た	だ
838	か	わ
834	か	の
834	ん	。
833	お	こ
829	ん	け
828	わ	れ
827	て	は
827	も	し
826	て	お
826	ひ	ょ
821	は	つ
819	て	く
816	な	の
814	だ	っ
809	の	せ
808	う	、
808	か	に
808	へ	ん
806	し	き
806	す	と
806	の	い
800	れ	い
796	に	よ
795	っ	こ
794	じ	つ
794	と	く
790	し	な
789	お	う
788	ゃ	く
786	い	も
783	く	さ
783	の	ひ
781	え	る
781	お	と
781	じ	ゃ
778	る	よ
777	お	き
776	く	せ
776	る	い
774	ま	た
772	な	に
771	あ	ん
771	き	る
771	も	と
770	、	き
770	か	り
767	ら	し
766	は	じ
763	え	い
759	く	だ
758	き	ま
758	く	と
752	に	た
752	に	ほ
752	め	ん
748	は	し
748	ん	い
746	せ	き
744	わ	た
742	ま	い
741	が	お
741	つ	よ
737	ち	ゃ
735	う	え
733	う	も
728	く	は
725	ち	が
723	お	く
723	く	す
722	い	わ
722	が	え
721	き	し
720	に	い
718	ど	の
715	け	っ
714	が	し
711	そ	ん
709	が	た
703	じ	っ
701	か	え
699	よ	り
697	。	し
697	り	か
695	た	こ
693	お	り
693	も	あ
692	つ	に
691	が	っ
690	わ	か
687	え	て
687	つ	う
683	は	か
682	の	さ
680	ら	ん
679	り	つ
677	こ	な
672	あ	た
672	う	ご
672	れ	は
671	、	ま
671	ん	ち
667	の	も
664	い	え
664	く	、
663	は	っ
661	ぼ	う
659	か	か
658	の	に
657	、	た
654	ー	と
653	は	あ
652	ね	。
650	い	り
649	あ	げ
649	す	か
647	ん	ご
643	の	ち
643	め	ー
639	っ	き
639	も	ち
636	き	か
634	か	つ
631	ー	ど
626	り	し
623	し	は
621	が	で
620	い	や
620	う	ぎ
620	が	か
619	ふ	く
618	か	、
614	ぞ	く
612	ば	、
611	ん	ぐ
609	け	で
608	ひ	ん
607	か	れ
607	た	ー
607	を	も
605	く	が
602	、	さ
601	じ	か
600	い	ろ
599	う	た
598	う	ん
598	つ	く
597	か	ー
597	わ	ら
596	ゅ	ん
595	だ	し
594	さ	ま
594	と	と
591	ご	う
591	は	こ
590	ん	ば
589	を	み
587	り	ー
585	う	よ
583	ろ	ん
582	わ	お
575	、	な
575	な	じ
574	い	ど
574	じ	ぶ
574	の	り
573	し	つ
572	け	ど
572	れ	な
570	す	い
569	を	は
568	に	と
566	く	る
566	れ	ま
565	い	お
564	そ	く
563	で	い
563	め	に
562	ど	、
560	て	る
559	し	く
559	ら	く
559	る	し
558	が	ら
558	し	に
557	け	る
557	で	ん
556	め	て
555	こ	こ
554	り	に
553	い	ひ
553	の	ほ
552	ん	も
551	く	れ
550	か	も
549	は	お
548	き	を
545	き	が
543	ま	ん
542	、	ち
542	っ	ぱ
542	て	ぃ
541	う	ど
536	ー	す
535	ま	り
534	り	の
533	に	ち
532	の	け
532	ー	じ
529	が	な
529	ど	も
529	に	す
529	ゅ	つ
524	が	わ
524	く	い
524	く	で
523	る	が
521	ら	の
519	し	あ
519	だ	さ
519	つ	し
518	み	ん
517	の	ま
515	ぞ	う
514	に	き
514	わ	り
513	く	か
513	の	み
512	け	て
511	だ	ろ
510	た	ま
510	り	あ
508	う	ひ
508	ば	あ
507	き	て
504	を	い
504	ん	ざ
503	す	う
502	ひ	つ
501	り	ゅ
501	ー	む
498	、	は
498	か	。
496	い	つ
496	う	て
496	れ	が
495	、	ど
495	つ	も
492	く	じ
489	か	け
489	は	た
488	め	る
487	だ	か
486	を	あ
485	う	そ
485	か	が
485	だ	と
484	か	と
484	よ	い
483	ち	の
481	を	た
480	う	や
480	を	さ
479	つ	を
479	み	な
478	き	、
478	わ	け
477	。	い
477	く	ち
476	じ	め
475	と	っ
474	、	せ
474	よ	く
473	か	で
473	て	の
473	に	こ
472	い	れ
472	う	ま
470	ん	げ
469	て	み
468	る	た
466	け	つ
464	を	う
463	、	ひ
463	み	た
462	き	は
462	を	と
461	う	ぶ
461	ん	や
460	た	、
457	が	き
456	い	ぶ
454	お	し
454	そ	し
452	、	す
452	を	き
451	ろ	く
450	っ	ぷ
446	や	っ
446	ー	の
445	つ	け
445	や	ま
443	き	で
442	つ	は
441	。	ま
441	っ	ち
440	た	っ
440	る	ひ
438	が	つ
438	ゅ	ー
437	き	ゃ
437	る	に
436	お	か
436	ち	か
436	ゃ	ん
434	い	ふ
434	な	こ
433	た	も
433	も	な
431	す	く
431	す	の
431	ら	か
428	、	ほ
428	な	お
424	ん	ぶ
423	た	は
423	を	こ
422	。	た
421	け	れ
420	こ	し
419	ち	い
418	て	か
418	ー	た
417	じ	し
416	ね	っ
416	も	か
415	が	は
414	ゃ	の
414	り	す
413	り	っ
412	だ	が
412	る	も
410	し	し
410	ふ	と
409	ん	ま
408	ち	に
407	そ	こ
407	の	す
406	で	か
406	へ	い
404	が	す
403	つ	な
403	と	つ
402	と	め
402	も	お
401	ん	そ
400	の	ば
399	。	あ
398	い	ら
395	た	え
395	の	ふ
394	す	こ
393	と	ば
392	、	ふ
392	つ	ま
391	た	た
391	は	ま
390	お	な
390	ぱ	ん
390	ん	ぱ
389	し	を
389	せ	る
388	く	わ
388	や	す
387	し	よ
387	ふ	ぁ
387	ぼ	く
386	し	が
386	の	て
386	を	す
385	く	み
385	ろ	い
384	え	ば
384	ょ	っ
384	ら	に
384	り	と
383	せ	っ
382	た	に
381	ほ	ど
381	る	な
380	い	あ
380	す	よ
380	つ	ぎ
378	で	お
375	る	ま
374	あ	ら
374	ど	を
372	は	や
371	う	つ
371	さ	ー
371	っ	け
371	つ	が
370	な	さ
370	は	そ
370	ひ	ろ
369	、	も
369	、	わ
369	か	る
368	ま	ち
367	。	と
366	ご	と
366	も	く
366	り	て
365	、	に
365	う	め
365	わ	せ
364	え	き
364	し	ろ
364	て	つ
363	し	っ
362	う	わ
362	け	ー
362	ん	ぜ
361	。	お
361	す	て
361	は	き
361	ま	だ
361	ら	っ
361	り	が
360	ど	く
360	ん	め
359	え	た
359	さ	せ
358	あ	れ
358	る	は
357	つ	づ
357	べ	て
356	、	け
356	か	を
356	れ	を
355	が	ひ
354	、	よ
354	お	れ
353	に	じ
353	の	そ
352	ど	こ
352	に	く
352	り	よ
351	え	に
351	が	と
351	み	て
351	ら	は
350	は	ち
348	。	か
348	と	す
348	れ	に
347	あ	つ
347	み	が
346	す	べ
346	ほ	し
345	り	ん
344	と	だ
343	ゃ	な
343	を	ふ
342	っ	さ
342	つ	め
342	め	た
342	を	く
341	い	ば
341	し	ら
341	れ	ー
340	、	み
340	で	の
340	ま	の
340	み	に
339	。	じ
339	う	お
338	が	う
338	ば	ー
338	ぷ	ろ
336	す	ね
336	め	、
335	し	れ
335	わ	る
334	ん	ら
333	ん	お
332	す	た
332	と	ら
332	ぶ	つ
332	ん	え
331	か	お
331	の	え
331	ま	つ
330	ょ	ん
330	り	を
329	し	す
328	う	ふ
328	お	さ
328	く	こ
328	よ	っ
328	ー	か
327	せ	て
327	と	。
327	な	け
327	べ	つ
327	よ	る
327	る	だ
326	む	か
325	こ	え
325	て	こ
325	の	わ
325	わ	い
324	き	じ
324	こ	ど
322	を	ひ
321	が	こ
321	さ	か
321	て	ま
320	で	ぃ
320	ま	れ
320	る	で
320	れ	で
319	し	ー
318	の	を
317	い	ぎ
317	い	み
317	き	い
316	い	そ
316	う	ら
316	ぐ	ら
316	じ	て
315	た	よ
315	ま	う
314	う	れ
314	ょ	さ
313	お	よ
313	さ	き
313	て	な
313	も	じ
312	、	だ
312	こ	っ
312	り	で
311	え	ら
311	め	の
311	ん	よ
310	え	の
310	こ	ー
309	い	ず
309	う	げ
309	し	さ
306	あ	し
305	こ	で
305	な	も
305	の	め
304	た	け
304	ど	に
303	く	お
303	し	で
303	て	あ
302	い	ご
302	け	た
302	じ	の
302	ま	ま
302	み	つ
301	う	み
301	え	な
300	が	み
300	さ	つ
300	さ	ら
300	に	さ
300	ま	に
300	れ	、
299	、	つ
299	じ	ま
299	ん	ね
298	と	ま
298	は	は
297	さ	っ
297	せ	か
297	る	を
296	く	ひ
296	ま	る
296	ろ	し
295	つ	で
294	あ	ま
294	た	び
294	る	じ
294	ん	く
293	べ	ん
293	ん	ぎ
292	あ	さ
292	が	ん
292	き	せ
292	ず	か
292	ふ	た
291	る	き
290	し	ち
290	と	ん
290	は	ど
289	す	き
289	っ	せ
289	に	の
289	は	と
288	き	も
288	て	た
287	。	な
287	す	れ
286	い	ほ
286	お	や
286	き	り
286	づ	け
285	は	ら
284	し	め
284	と	た
284	る	さ
283	あ	き
283	も	ら
283	れ	か
282	か	う
282	じ	に
282	ば	か
282	る	ん
281	い	め
281	つ	げ
281	な	わ
281	み	る
280	ば	し
279	ち	を
279	に	ひ
279	る	ー
278	え	、
278	す	す
278	ら	す
277	た	な
277	に	て
276	あ	く
276	い	ざ
276	き	さ
276	じ	た
276	ず	、
276	た	べ
276	も	た
276	れ	の
275	は	さ
275	り	も
274	あ	わ
274	う	ろ
274	な	き
273	つ	と
273	ー	に
272	か	さ
272	こ	ま
272	じ	だ
272	で	な
272	に	ふ
272	の	く
272	む	し
271	か	み
271	ん	ぷ
271	ん	わ
270	た	つ
270	り	は
269	ょ	に
268	わ	っ
268	を	じ
267	く	つ
267	べ	る
267	わ	だ
266	、	や
266	が	じ
266	こ	み
266	ば	な
266	や	し
264	。	さ
264	ぎ	の
264	そ	ふ
264	で	て
264	に	せ
264	ー	を
263	か	せ
263	か	は
263	で	に
263	と	さ
262	ど	ら
262	な	う
262	れ	も
262	を	ま
261	っ	ぽ
261	と	れ
261	は	ず
261	ー	く
260	く	け
260	け	な
260	も	に
259	す	で
259	で	こ
259	と	よ
259	と	る
259	へ	の
258	ご	く
258	ご	し
258	し	り
258	で	た
257	く	も
257	こ	に
257	し	も
257	ぱ	い
257	み	の
257	ゃ	か
257	ら	ず
256	き	と
256	と	ち
256	み	を
256	も	つ
256	も	わ
255	、	う
255	は	す
254	き	き
254	と	え
254	ゅ	り
254	れ	ら
253	く	。
253	げ	ー
253	た	じ
253	ょ	し
253	よ	ろ
252	が	さ
252	ぐ	る
252	ち	じ
252	な	み
252	ま	な
252	よ	。
251	に	み
251	ろ	が
250	て	に
250	り	な
250	ー	が
249	。	。
249	し	と
249	す	ぎ
249	は	も
249	ま	と
249	ら	で
249	わ	ー
249	ん	れ
248	く	ん
248	げ	き
248	ぶ	る
248	ゃ	が
248	ろ	ー
247	と	ど
247	に	ま
246	、	て
246	き	っ
246	ま	じ
246	ゃ	に
246	よ	び
245	た	ば
244	し	こ
244	な	た
244	に	そ
244	ま	さ
244	を	よ
243	だ	れ
243	み	ず
242	あ	の
242	ど	ん
242	る	ば
241	え	で
241	く	た
241	て	む
241	ど	で
241	も	よ
240	く	っ
240	く	ろ
240	さ	し
240	の	ぶ
240	る	く
239	あ	と
239	あ	な
239	げ	ま
239	る	け
238	さ	が
238	の	ど
238	も	り
238	ょ	り
238	ろ	で
237	じ	さ
236	じ	こ
236	じ	を
236	に	っ
235	い	へ
235	が	ふ
235	ど	は
235	や	か
234	だ	め
234	は	ひ
233	う	ば
233	ち	で
233	ま	わ
233	よ	ん
232	き	だ
232	ち	ん
232	と	あ
231	の	の
231	ー	し
230	え	を
230	じ	け
230	ね	が
229	し	ご
229	の	つ
229	や	、
228	、	げ
228	じ	で
228	れ	す
228	ん	ほ
227	あ	か
227	す	ご
227	な	と
227	に	で
227	み	せ
227	ら	だ
226	の	れ
226	わ	く
225	。	も
225	あ	が
225	た	を
224	ら	う
223	。	き
223	う	ね
223	か	き
223	ど	が
222	か	こ
222	ふ	り
222	み	と
222	り	た
222	る	、
221	。	だ
221	。	ち
221	ち	ば
221	め	ら
221	ら	た
220	の	げ
220	り	だ
220	を	せ
219	ほ	か
219	ー	び
218	く	き
218	す	け
218	た	で
218	ど	き
218	ゅ	っ
217	が	の
217	と	わ
217	ま	ず
216	う	へ
216	は	ふ
216	は	り
216	ろ	の
216	ー	ん
215	が	よ
215	く	ぶ
215	く	ま
215	し	じ
215	し	だ
215	に	う
215	ぺ	ー
214	か	ち
214	ぶ	っ
213	い	ぞ
213	た	き
213	ち	ろ
213	る	わ
212	だ	き
211	ち	は
211	ー	で
210	、	え
210	。	で
210	か	ぶ
210	く	そ
210	た	る
210	べ	き
210	る	ほ
209	が	ま
209	き	ぎ
209	す	を
208	き	こ
208	ち	ら
208	な	れ
207	き	や
207	ぜ	い
207	っ	ぴ
207	な	ま
207	び	す
207	み	あ
207	も	こ
207	り	く
207	を	そ
206	か	ぎ
206	が	ち
206	の	ぞ
206	ひ	き
205	ご	ざ
205	じ	き
205	つ	り
205	ろ	に
204	か	ま
204	だ	て
204	な	は
204	に	わ
203	が	そ
203	き	ほ
203	な	ー
203	は	だ
203	ー	は
202	ち	し
202	つ	さ
202	ま	か
201	て	じ
201	に	が
200	き	く
200	ら	も
200	を	て
199	、	め
199	ち	と
199	つ	す
199	の	や
198	。	ど
198	か	て
198	と	み
198	り	こ
198	わ	し
197	う	ぞ
197	く	ご
197	ず	に
197	ふ	か
197	ろ	ぐ
197	を	ち
196	、	り
196	ぞ	ん
196	た	わ
196	は	み
196	る	お
195	た	て
195	と	じ
195	む	の
195	も	ど
195	も	は
195	る	す
195	ん	び
194	、	く
194	す	め
194	ょ	の
194	を	の
193	か	す
193	く	う
193	ご	の
193	ち	ど
193	ぶ	ら
193	を	な
192	こ	い
192	ふ	き
192	を	け
192	ー	な
191	。	わ
191	お	そ
191	ぱ	ー
190	い	ね
190	お	わ
190	が	め
190	つ	、
190	で	じ
190	ば	っ
190	ひ	か
190	ま	も
190	ゃ	っ
190	を	や
189	、	ご
189	て	が
189	ば	ら
189	ん	あ
188	か	ず
188	ぎ	り
188	ざ	ん
188	し	ぇ
188	や	さ
187	こ	が
187	た	み
187	は	ほ
187	ふ	る
187	ぶ	り
187	み	ま
187	よ	し
186	、	で
186	じ	が
186	ま	く
186	み	や
186	ゃ	は
186	り	お
185	く	あ
185	す	み
185	た	さ
185	と	び
184	う	あ
184	さ	え
184	し	。
184	び	ょ
184	わ	な
183	い	げ
183	の	へ
183	や	め
183	を	、
183	ん	ぴ
182	し	ど
182	は	く
181	が	も
181	く	よ
181	み	え
181	も	そ
180	か	ど
180	た	お
180	て	ほ
180	の	ご
180	ぽ	い
180	ら	さ
179	。	は
179	う	む
179	く	え
179	し	み
179	に	ど
179	ひ	が
179	ぽ	り
178	が	り
178	き	お
178	た	す
178	つ	た
178	ら	え
178	ん	ぽ
177	ぎ	じ
177	つ	や
177	ど	り
177	も	で
177	や	き
177	ら	が
177	ら	と
177	る	ち
177	る	ふ
177	ん	ぞ
176	し	せ
176	ょ	こ
175	お	ま
175	き	ら
175	け	の
175	の	ゆ
175	ょ	せ
175	ら	き
175	り	ゃ
175	を	だ
174	あ	、
174	し	る
174	す	に
174	は	わ
173	、	ぜ
173	お	ー
173	き	れ
173	き	ー
173	く	め
173	ご	に
173	じ	じ
173	ふ	う
173	ほ	と
173	を	め
172	。	す
172	は	む
171	い	ぜ
171	く	や
171	さ	な
171	の	、
171	ひ	ら
171	ふ	れ
171	ま	ー
170	き	み
170	さ	だ
170	し	え
170	ぶ	し
170	ゆ	る
170	り	き
170	れ	だ
169	ず	れ
169	だ	す
169	つ	じ
169	で	さ
168	ぽ	ん
168	ま	が
168	ゅ	く
168	ら	ぶ
167	き	す
167	さ	を
167	て	さ
167	は	で
167	は	に
167	め	し
167	わ	す
166	か	め
166	く	ど
166	げ	る
166	す	は
166	て	ー
166	ぽ	ー
166	ら	じ
166	ら	べ
165	、	ぼ
165	、	ゆ
165	す	ま
165	と	け
165	ぷ	ら
165	み	で
165	や	は
164	え	ま
164	き	ち
164	と	ひ
164	と	や
164	に	む
164	ら	せ
164	を	え
164	ー	ず
164	ー	ぷ
163	あ	じ
163	つ	だ
163	む	け
163	ら	む
162	た	あ
162	ち	な
162	や	い
161	あ	め
161	だ	、
161	つ	つ
161	は	せ
161	び	と
160	え	っ
160	が	せ
160	つ	ば
160	で	と
160	な	。
160	は	よ
160	ば	く
160	ふ	ぃ
160	ぷ	り
160	ら	わ
160	ー	さ
159	、	ぎ
159	く	ざ
159	く	ほ
159	の	ぎ
159	ん	へ
158	だ	に
158	ち	ぇ
158	ど	か
157	に	や
157	ぽ	う
157	ら	ー
156	、	が
156	え	が
156	さ	に
156	し	ば
156	す	ぐ
156	へ	や
156	ゃ	い
156	り	い
156	り	え
156	れ	つ
156	れ	ど
156	ろ	す
155	。	つ
155	き	よ
155	ぎ	ゃ
155	け	に
155	こ	た
155	た	ひ
155	っ	そ
155	と	て
155	も	だ
155	ゃ	し
155	ら	お
154	う	ぜ
154	お	け
154	お	ち
154	に	に
154	ま	こ
154	み	は
154	む	す
154	ゆ	き
154	り	ひ
153	こ	じ
153	つ	ど
153	と	ふ
153	ど	と
153	ひ	じ
153	み	だ
153	も	き
152	。	ほ
152	し	や
152	ば	れ
152	み	ち
152	や	り
152	る	あ
151	う	ざ
151	き	め
151	さ	て
151	だ	ー
151	て	て
151	な	ひ
151	む	ら
151	よ	ね
151	ろ	、
150	き	そ
150	け	し
150	こ	か
150	す	ん
150	で	ー
150	り	じ
149	ぎ	ん
149	こ	そ
149	す	な
149	の	ぼ
149	は	う
148	。	せ
148	。	よ
148	ぇ	る
148	お	ね
148	ざ	ま
148	の	む
148	よ	み
148	る	せ
147	。	ひ
147	ふ	つ
147	り	ゆ
147	る	べ
147	を	ほ
146	う	ぇ
146	う	く
146	お	す
146	き	つ
146	こ	め
146	づ	く
146	ら	み
146	れ	び
146	ろ	っ
145	が	れ
145	こ	は
145	そ	ー
145	て	れ
145	に	け
145	め	で
145	も	さ
145	ゃ	と
145	ろ	か
144	ざ	ー
144	せ	な
144	ゅ	し
144	ら	ま
143	。	ふ
143	お	っ
143	が	や
143	だ	ち
143	つ	て
143	で	つ
143	ま	ざ
142	あ	に
142	き	ど
142	じ	は
142	ち	く
142	て	と
142	ふ	ん
142	ぶ	の
141	く	ば
141	ご	ろ
141	だ	な
141	ど	れ
141	は	る
141	ら	こ
141	ん	つ
140	が	ほ
140	き	け
140	き	ろ
140	せ	た
140	で	る
140	な	ぁ
140	ま	は
140	も	す
139	が	て
139	つ	。
139	び	に
139	ら	を
138	か	あ
138	き	あ
138	と	ー
138	ゆ	ー
138	を	ど
137	が	ど
137	こ	ら
137	た	う
137	び	ー
137	や	こ
136	す	し
136	ち	ほ
136	つ	こ
136	に	め
136	り	。
135	う	ぼ
135	え	し
135	な	ぜ
135	ふ	ぇ
135	ゃ	ー
135	り	や
134	う	び
134	ご	か
134	じ	な
134	な	あ
134	の	っ
134	の	ね
134	る	ど
134	ん	み
133	こ	も
133	ち	だ
133	は	て
133	は	ば
133	ふ	し
133	め	り
133	ょ	い
133	ら	そ
132	か	ね
132	が	け
132	な	せ
132	は	ぜ
132	ぷ	れ
132	ん	ぼ
131	あ	そ
131	か	だ
131	が	に
131	ず	き
131	ふ	っ
131	ぼ	っ
131	み	こ
130	え	か
130	て	よ
130	で	み
130	は	け
130	ひ	、
130	ひ	っ
130	ま	ね
130	む	を
130	め	を
129	ぇ	っ
129	か	げ
129	さ	と
129	し	そ
129	じ	み
129	た	ね
129	な	す
129	び	し
129	み	っ
129	も	ま
129	ろ	こ
128	ぁ	い
128	う	っ
128	ぐ	に
128	げ	て
128	ご	い
128	て	す
128	ぷ	と
128	ょ	は
128	を	り
127	く	ね
127	じ	ど
127	れ	き
126	お	は
126	す	り
126	ず	は
126	だ	よ
126	づ	き
126	と	せ
126	み	か
126	も	て
125	ぐ	み
125	ご	き
125	じ	る
125	た	せ
125	て	や
125	で	。
125	ど	い
125	び	じ
125	り	そ
124	つ	え
124	ど	し
124	ね	え
124	ぴ	ー
124	ぶ	ぶ
124	わ	の
124	ー	ね
123	、	ぶ
123	ぁ	ん
123	い	び
123	た	そ
123	で	ま
123	み	、
122	、	ね
122	い	む
122	が	る
122	け	ら
122	さ	け
122	じ	ゆ
122	な	つ
122	ね	る
122	ひ	は
121	、	ば
121	。	み
121	ち	、
121	で	う
121	も	ふ
121	ゅ	と
121	ょ	か
121	ー	ば
121	ー	ま
120	あ	ー
120	さ	の
120	ず	の
120	ち	も
120	ま	あ
120	る	ぎ
119	い	ぷ
119	て	そ
119	て	を
119	と	そ
119	に	。
119	も	え
119	れ	し
118	。	に
118	つ	ぶ
118	ば	を
117	。	け
117	ぃ	ー
117	だ	く
117	ど	な
117	ぱ	つ
117	ほ	ご
117	や	る
117	る	そ
116	え	は
116	ぐ	ん
116	さ	は
116	ぜ	っ
116	た	ほ
116	ど	っ
116	に	ー
116	ま	、
116	も	も
116	ん	る
116	ー	ざ
115	、	む
115	ぎ	に
115	じ	あ
115	す	じ
115	そ	ろ
115	な	や
115	に	だ
115	ふ	け
115	ぶ	ろ
115	れ	っ
115	ろ	を
115	ー	だ
114	か	じ
114	け	ま
114	ち	て
114	で	ひ
114	な	え
114	な	を
114	ふ	え
114	む	り
114	や	が
113	ち	ぶ
113	も	が
113	ゃ	を
112	く	ふ
112	こ	ち
112	で	や
112	ば	に
112	ふ	せ
112	ぶ	か
112	ほ	じ
112	ぼ	ー
112	め	だ
111	う	ぐ
111	く	べ
111	っ	ど
111	は	げ
111	べ	い
111	や	ら
111	を	わ
111	ん	ふ
110	い	べ
110	の	び
110	ば	の
110	や	の
110	ゅ	に
110	ら	ば
110	を	ゆ
109	。	う
109	さ	さ
109	す	わ
109	ひ	の
109	ふ	ら
109	み	ら
109	む	こ
109	む	に
109	わ	さ
108	が	。
108	が	だ
108	さ	ぎ
108	ず	み
108	つ	あ
108	な	、
108	ら	。
108	れ	と
107	ぎ	ろ
107	せ	す
107	ど	ろ
107	め	が
107	も	み
107	を	に
107	ー	き
106	あ	お
106	こ	さ
106	す	ぽ
106	て	せ
106	の	べ
106	は	め
106	り	さ
106	る	て
106	ろ	は
106	を	む
105	ず	い
105	ち	ま
105	の	ん
105	ぴ	ょ
105	ふ	じ
105	ゅ	の
105	ろ	と
104	お	を
104	さ	わ
104	し	ぜ
104	た	ぶ
104	ち	え
104	つ	れ
104	や	に
104	ゅ	じ
104	よ	こ
104	ん	ひ
104	ん	ろ
103	え	も
103	か	ぞ
103	け	と
103	す	ば
103	ず	し
103	だ	り
103	ち	あ
103	づ	い
103	と	ほ
103	ど	。
103	ど	ま
103	よ	て
103	る	う
102	、	の
102	き	ず
102	て	っ
102	ど	お
102	ま	ら
102	み	す
102	む	き
102	も	ひ
101	い	ぐ
101	お	、
101	く	む
101	だ	の
101	に	げ
101	の	ぷ
101	み	ぎ
101	ー	つ
100	け	だ
100	ご	は
100	し	ず
100	で	ふ
100	び	の
100	び	を
100	む	ず
100	よ	か
99	ぃ	す
99	ぎ	れ
99	て	で
99	で	く
99	ほ	っ
99	わ	が
99	ー	ち
98	か	よ
98	き	わ
98	け	、
98	て	。
98	は	の
98	ひ	に
98	ま	を
98	る	や
97	あ	あ
97	ぃ	ん
97	ぎ	し
97	に	り
97	ね	た
97	ば	す
97	ぷ	の
97	わ	に
97	ー	ぶ
96	き	ご
96	げ	た
96	こ	む
96	す	も
96	つ	み
96	て	ち
96	で	せ
96	で	よ
96	な	ち
96	ば	り
96	べ	た
96	む	い
96	め	ろ
96	や	ち
96	ー	、
96	ー	ら
95	お	ど
95	ぎ	る
95	ち	こ
95	は	ご
95	ば	は
95	よ	そ
95	り	ふ
95	れ	こ
94	、	れ
94	あ	う
94	け	が
94	で	ご
94	に	え
94	ぴ	ゅ
94	も	や
94	る	み
93	ぇ	あ
93	さ	す
93	じ	り
93	す	む
93	の	ら
92	え	あ
92	こ	を
92	ざ	し
92	し	け
92	じ	ぇ
92	じ	と
92	す	、
92	す	っ
92	ち	お
92	ち	さ
92	つ	お
92	で	そ
92	な	で
92	に	ぶ
91	。	て
91	え	じ
91	ぎ	を
91	ぐ	た
91	し	ぶ
91	じ	も
91	そ	だ
91	つ	ご
91	で	ち
91	の	ろ
91	ば	で
91	ぱ	り
91	ふ	ぉ
91	ほ	ー
91	ら	ふ
91	る	ら
91	れ	ぞ
90	お	た
90	ご	、
90	の	ぜ
90	は	が
90	む	と
90	め	な
90	や	じ
90	ょ	が
90	ら	け
90	ら	ち
89	、	ら
89	お	に
89	ぎ	か
89	し	お
89	だ	ま
89	つ	ち
88	き	げ
88	げ	つ
88	こ	す
88	す	ら
88	つ	ら
88	つ	ー
88	て	う
88	で	で
88	は	ね
88	ひ	ご
88	び	ん
88	め	も
88	ろ	な
88	わ	ず
88	ー	ぐ
87	、	べ
87	。	め
87	お	て
87	か	ぜ
87	す	ー
87	ず	で
87	ぞ	れ
87	た	ろ
87	て	ね
87	な	よ
87	に	ご
87	ひ	ー
87	ま	け
87	ら	あ
87	れ	じ
87	ー	て
86	う	う
86	え	り
86	く	ぎ
86	げ	ほ
86	じ	お
86	そ	と
86	そ	ら
86	っ	つ
86	ね	ー
86	ぱ	す
86	ほ	け
86	よ	ば
86	る	ぶ
85	あ	ど
85	げ	い
85	こ	り
85	と	へ
85	ど	あ
85	な	げ
85	ゅ	ぎ
85	ょ	を
84	、	へ
84	う	ず
84	う	る
84	お	ぼ
84	ぐ	り
84	さ	で
84	ず	が
84	せ	ま
84	て	ら
84	ひ	し
84	び	き
84	ふ	の
84	め	ざ
84	ょ	で
84	よ	さ
84	ら	り
83	、	ぽ
83	。	え
83	。	り
83	す	ぱ
83	ぜ	ひ
83	た	れ
83	な	な
83	に	へ
83	ね	つ
83	ひ	く
83	び	っ
83	び	ゅ
83	や	ぶ
83	ら	ね
82	、	ぷ
82	ぎ	な
82	さ	る
82	ち	た
82	ぱ	っ
82	び	で
82	ょ	ば
82	わ	を
81	う	ゆ
81	き	む
81	け	を
81	ず	っ
81	そ	い
81	は	ぶ
81	ば	る
81	ぺ	ん
81	み	じ
81	ょ	じ
80	え	す
80	く	げ
80	ぐ	ち
80	じ	ぎ
80	そ	が
80	て	ひ
80	な	め
80	ば	こ
80	ひ	さ
80	む	は
80	ょ	き
80	る	り
79	あ	え
79	あ	て
79	あ	ふ
79	ぃ	あ
79	え	だ
79	く	く
79	せ	ら
79	そ	も
79	む	が
79	ゃ	で
79	れ	べ
79	わ	え
79	ー	ひ
78	。	げ
78	お	み
78	き	づ
78	ご	り
78	じ	ち
78	ず	つ
78	ず	を
78	せ	ず
78	た	ぞ
78	ち	き
78	て	り
78	の	。
78	は	え
78	ば	と
77	い	ぼ
77	え	さ
77	か	ざ
77	き	ぼ
77	じ	せ
77	つ	せ
77	び	か
77	ぴ	ん
77	や	つ
77	ら	ぬ
76	き	ざ
76	さ	り
76	ざ	っ
76	す	ず
76	で	け
76	ぼ	ん
76	め	す
76	ゃ	ら
76	る	っ
76	を	へ
75	。	ぼ
75	か	や
75	け	あ
75	け	は
75	こ	だ
75	し	げ
75	し	ほ
75	ち	ー
75	で	ざ
75	で	ど
75	と	ぞ
75	な	ぐ
75	ひ	な
75	ふ	ま
75	み	ょ
75	め	か
75	め	ぐ
75	ょ	だ
75	ら	め
75	ん	っ
75	ー	。
74	。	や
74	き	。
74	き	ば
74	さ	む
74	じ	す
74	す	ぺ
74	ど	ね
74	ど	る
74	ね	、
74	ぼ	え
74	も	せ
74	よ	ー
74	ら	や
73	う	べ
73	え	ず
73	か	そ
73	せ	、
73	ち	よ
73	で	ゆ
73	ね	ら
73	ひ	び
73	ほ	て
73	や	せ
73	ゅ	わ
73	る	め
73	ん	ず
73	ん	ゆ
73	ー	め
72	。	む
72	け	ば
72	せ	り
72	ど	め
72	な	ば
72	な	ふ
72	の	ぱ
72	は	ー
72	ぷ	ん
72	へ	と
72	ー	り
71	い	ゆ
71	か	ば
71	こ	び
71	ざ	わ
71	じ	、
71	じ	む
71	た	ふ
71	ぬ	け
71	ば	や
71	ひ	だ
71	ふ	だ
71	べ	ー
71	む	だ
71	む	ね
71	も	ば
71	ゅ	る
71	ょ	ぎ
70	あ	ろ
70	と	ろ
70	の	る
70	ば	が
70	ゅ	め
70	よ	、
69	が	ね
69	ぎ	と
69	ぎ	は
69	こ	る
69	ち	っ
69	っ	ぐ
69	て	ふ
69	に	を
69	び	が
69	び	は
69	ま	ど
69	み	れ
69	む	で
69	や	と
69	ゅ	ち
69	わ	ゆ
68	お	じ
68	お	の
68	が	ぞ
68	が	む
68	ぎ	も
68	ぐ	い
68	ご	じ
68	じ	れ
68	っ	す
68	て	ど
68	は	ゆ
68	ぶ	で
68	ら	び
68	り	う
68	わ	ん
67	が	げ
67	ぎ	い
67	じ	ぷ
67	で	だ
67	に	ぎ
67	に	ゆ
67	ぶ	れ
67	ほ	こ
67	み	き
67	ゃ	ち
67	や	ど
67	わ	ざ
67	ん	ぺ
67	ー	ぱ
66	お	る
66	き	ひ
66	ぎ	が
66	ぐ	れ
66	じ	ら
66	せ	だ
66	た	ど
66	て	け
66	と	む
66	ひ	ゃ
66	び	、
66	み	ゅ
66	も	ー
66	ゃ	あ
66	る	え
66	ー	ふ
65	、	び
65	。	が
65	。	く
65	ぇ	り
65	お	つ
65	し	ぎ
65	そ	ち
65	だ	つ
65	ち	ち
65	ち	り
65	ど	だ
65	み	さ
65	め	は
65	ろ	さ
65	ろ	ず
64	。	ぜ
64	あ	ぷ
64	き	び
64	く	び
64	ご	め
64	さ	ば
64	じ	わ
64	て	だ
64	て	わ
64	で	わ
64	ど	ち
64	り	り
64	れ	よ
64	ろ	も
63	、	ぐ
63	。	ぎ
63	あ	や
63	ぎ	て
63	ぐ	し
63	せ	の
63	だ	せ
63	だ	ら
63	ね	に
63	へ	る
63	ぼ	し
63	み	し
63	み	り
63	ょ	と
63	ら	ど
63	る	ぐ
62	、	ろ
62	が	ゆ
62	そ	っ
62	つ	ぞ
62	つ	ね
62	ぱ	そ
62	ふ	あ
62	や	け
62	や	で
62	ょ	ー
61	。	ね
61	お	ふ
61	ぐ	を
61	ご	を
61	た	や
61	と	げ
61	な	そ
61	ば	た
61	ぶ	き
61	ぷ	を
61	ほ	り
61	む	、
61	や	お
61	よ	わ
61	る	ぼ
60	か	べ
60	ぎ	で
60	ぎ	ゅ
60	な	ぶ
60	な	ほ
60	に	ば
60	は	れ
60	ば	よ
60	ぶ	に
60	み	も
60	も	む
60	ゃ	り
60	よ	せ
60	ろ	だ
59	、	ぱ
59	お	め
59	か	ろ
59	く	ぜ
59	げ	ら
59	ご	さ
59	ご	ん
59	さ	び
59	つ	っ
59	ね	す
59	の	ざ
59	び	も
59	ぷ	で
59	み	み
59	り	ば
59	れ	ふ
58	い	ー
58	お	が
58	お	ら
58	お	ろ
58	ず	む
58	せ	ー
58	で	ほ
58	ね	て
58	ひ	こ
58	ぴ	っ
58	や	た
58	や	や
58	ん	う
57	ぁ	。
57	か	び
57	か	む
57	ぎ	ら
57	じ	ば
57	だ	で
57	ち	け
57	で	が
57	ぱ	く
57	へ	。
57	ゃ	、
57	ら	ひ
57	を	ご
56	あ	け
56	ぃ	の
56	え	。
56	え	と
56	こ	ば
56	こ	わ
56	ご	ど
56	ご	み
56	さ	や
56	じ	い
56	じ	ね
56	た	ず
56	ち	す
56	つ	ぜ
56	つ	ろ
56	で	り
56	び	さ
56	べ	り
56	ま	き
56	み	ぃ
56	や	み
56	ゅ	だ
56	ゆ	び
56	ょ	す
56	り	け
56	を	が
56	ー	せ
56	ー	も
55	ぉ	ー
55	く	へ
55	ぐ	う
55	げ	を
55	し	む
55	だ	ね
55	に	ね
55	ひ	よ
55	め	っ
55	る	つ
55	わ	め
55	を	ぬ
54	あ	を
54	ぃ	た
54	ぎ	わ
54	ご	で
54	さ	、
54	し	ぼ
54	じ	よ
54	は	ぎ
54	ぷ	に
54	む	。
54	む	ぶ
54	ゃ	も
54	ゅ	よ
54	ょ	ぶ
54	ら	つ
54	れ	。
54	ろ	。
54	ー	お
53	か	ふ
53	こ	あ
53	つ	ぼ
53	と	ご
53	ど	す
53	な	て
53	ば	つ
53	ふ	さ
53	ぷ	よ
53	む	じ
53	む	た
53	や	あ
53	や	ろ
53	ゅ	み
53	よ	な
53	を	ね
53	ー	ろ
53	ー	わ
52	が	が
52	き	ぶ
52	こ	ぶ
52	ご	る
52	す	だ
52	て	ゆ
52	ど	よ
52	ね	の
52	ぱ	ら
52	ひ	め
52	ぶ	た
52	も	。
52	や	な
51	お	で
51	す	ぴ
51	ず	だ
51	ず	な
51	そ	つ
51	そ	び
51	た	ぎ
51	だ	を
51	ち	つ
51	と	づ
51	ど	け
51	な	ぎ
51	の	ぺ
51	の	ぽ
51	は	へ
51	ぷ	し
51	ま	ほ
51	め	と
51	ゅ	あ
51	ゅ	ほ
51	ょ	て
51	ろ	じ
50	ぇ	ー
50	こ	よ
50	さ	ひ
50	ざ	つ
50	す	え
50	ち	ご
50	っ	じ
50	ど	ば
50	ば	さ
50	ひ	る
50	ぶ	じ
50	ゆ	め
50	よ	ぶ
50	り	わ
50	る	ね
50	れ	ず
50	ろ	ま
49	え	れ
49	げ	な
49	だ	う
49	ど	さ
49	な	だ
49	の	ー
49	は	べ
49	ぶ	を
49	ま	や
49	め	ま
49	も	を
49	よ	ぼ
48	お	え
48	た	げ
48	て	ご
48	と	ぶ
48	は	を
48	ひ	て
48	ふ	ど
48	ふ	ね
48	ぷ	る
48	ぺ	い
48	ほ	ぼ
48	ろ	そ
48	ー	や
47	。	ご
47	あ	だ
47	え	く
47	え	ね
47	が	へ
47	ぐ	っ
47	こ	つ
47	ご	ご
47	ご	す
47	ず	ら
47	せ	が
47	せ	よ
47	た	へ
47	で	え
47	で	む
47	ね	を
47	ふ	に
47	べ	っ
47	む	さ
47	も	け
47	や	ん
47	り	せ
47	る	ご
47	れ	わ
46	あ	ち
46	ぃ	は
46	ヴ	ぁ
46	け	じ
46	げ	っ
46	ぜ	に
46	と	ぼ
46	に	ぜ
46	ひ	で
46	ふ	が
46	ぶ	と
46	ぶ	や
46	み	よ
46	ゃ	さ
46	ゆ	た
46	ょ	。
46	る	げ
46	ろ	き
45	か	ひ
45	ぐ	あ
45	そ	ば
45	た	ぐ
45	だ	は
45	だ	る
45	な	べ
45	ね	じ
45	の	ぐ
45	ぱ	な
45	ひ	を
45	び	り
45	ほ	ぞ
45	ま	ご
45	み	ー
45	も	る
45	や	ば
45	り	ず
45	れ	く
45	ろ	げ
45	ん	べ
44	、	ざ
44	あ	す
44	あ	で
44	え	よ
44	お	せ
44	ぐ	の
44	け	も
44	ご	お
44	ご	も
44	す	ぷ
44	ず	ん
44	そ	り
44	つ	ひ
44	づ	か
44	で	ね
44	ど	じ
44	ね	い
44	は	ぼ
44	び	い
44	ぴ	つ
44	ぷ	が
44	む	ち
44	も	ほ
44	も	れ
44	ゅ	は
44	ょ	ち
44	ょ	な
44	よ	の
44	ら	よ
43	あ	は
43	が	ー
43	さ	そ
43	じ	く
43	じ	ー
43	ず	。
43	だ	そ
43	っ	ふ
43	で	び
43	と	ね
43	ど	た
43	な	ご
43	ね	な
43	は	。
43	び	ま
43	ふ	み
43	ふ	ゆ
43	ま	み
43	ゃ	や
43	よ	む
43	ら	て
43	わ	は
43	を	ぜ
43	ん	む
42	、	ず
42	う	ぃ
42	え	え
42	お	ひ
42	き	え
42	く	ぼ
42	け	。
42	こ	、
42	こ	ぴ
42	ご	こ
42	ご	ー
42	じ	。
42	ず	と
42	せ	を
42	た	む
42	だ	も
42	つ	わ
42	ば	ぶ
42	む	そ
42	め	き
42	ゅ	た
42	ゆ	か
41	。	れ
41	ぇ	に
41	お	ば
41	お	び
41	が	ぜ
41	ぎ	む
41	く	ー
41	げ	に
41	こ	お
41	ご	が
41	せ	に
41	で	ば
41	に	ぼ
41	ほ	く
41	め	つ
41	も	ね
41	や	も
41	や	ー
41	ょ	ゆ
41	ら	ゆ
41	る	ぜ
41	ろ	あ
41	わ	ち
41	ー	そ
40	あ	せ
40	ぃ	に
40	お	あ
40	き	ふ
40	ぎ	ー
40	し	ひ
40	ず	ま
40	そ	か
40	だ	た
40	ち	め
40	ち	や
40	と	ゆ
40	に	れ
40	び	な
40	ふ	や
40	べ	ら
40	み	う
40	ゃ	べ
40	ゅ	な
40	り	ち
40	り	む
40	ー	ぼ
39	。	ぶ
39	ぁ	み
39	い	ぬ
39	え	つ
39	か	ご
39	が	ぶ
39	き	ね
39	ざ	す
39	そ	な
39	だ	む
39	ど	や
39	に	ょ
39	ぬ	き
39	ひ	ま
39	び	だ
39	ふ	よ
39	ほ	そ
39	ま	お
39	も	め
39	ゃ	れ
39	ゅ	け
39	ょ	ぞ
39	ら	ほ
39	り	ほ
39	ろ	み
39	を	ぎ
39	を	で
38	ぁ	、
38	ぇ	い
38	え	ど
38	え	ー
38	が	ご
38	ぎ	、
38	ご	け
38	ご	ま
38	さ	げ
38	し	ぬ
38	だ	こ
38	て	え
38	で	め
38	ね	む
38	び	あ
38	ぶ	ど
38	ま	ぐ
38	ゃ	す
38	ゃ	る
38	ゆ	え
38	ゆ	っ
38	よ	め
38	り	ね
38	ろ	ば
38	を	ぶ
38	ー	べ
37	。	ゆ
37	ぎ	た
37	げ	し
37	さ	。
37	ず	う
37	ず	お
37	そ	、
37	ぞ	。
37	だ	じ
37	っ	、
37	に	ら
37	ぬ	し
37	ね	ぇ
37	ひ	ど
37	び	る
37	ふ	は
37	ぶ	だ
37	ぼ	り
37	む	な
37	め	さ
37	ゃ	う
37	や	わ
37	や	を
37	ゅ	が
37	ら	ご
37	る	び
37	わ	き
37	を	ば
36	。	べ
36	あ	べ
36	す	さ
36	ず	け
36	ず	ね
36	だ	わ
36	ぢ	か
36	つ	そ
36	ぬ	い
36	ば	じ
36	ば	そ
36	び	こ
36	ぶ	。
36	ぶ	こ
36	ぶ	さ
36	ぶ	は
36	ぽ	け
36	ま	よ
36	み	お
36	ょ	、
36	ら	ぐ
36	ら	へ
36	り	る
36	れ	れ
36	ろ	や
36	わ	と
35	。	へ
35	。	ら
35	え	こ
35	が	を
35	く	ぞ
35	け	か
35	げ	さ
35	ご	あ
35	さ	ね
35	さ	ぶ
35	さ	め
35	ざ	か
35	し	う
35	し	ふ
35	ぜ	つ
35	つ	び
35	て	ば
35	と	ぎ
35	は	び
35	ひ	い
35	ぴ	ら
35	み	そ
35	や	そ
35	ゅ	さ
35	ゅ	を
35	り	ど
35	れ	そ
35	ろ	せ
35	ろ	よ
35	ー	い
34	ぁ	ー
34	あ	ぶ
34	う	ー
34	え	ぶ
34	き	う
34	ぐ	で
34	こ	や
34	ご	ち
34	ぞ	き
34	っ	は
34	で	へ
34	と	ず
34	に	び
34	ね	だ
34	ひ	け
34	び	た
34	み	い
34	み	ふ
34	り	み
34	る	ゆ
34	れ	ほ
34	ろ	ぼ
34	わ	ぎ
34	わ	で
34	わ	わ
33	え	ろ
33	ぐ	さ
33	ぐ	す
33	こ	せ
33	ご	や
33	ず	こ
33	ぞ	ま
33	ち	そ
33	て	め
33	で	ぶ
33	に	ぞ
33	ね	ば
33	ぱ	に
33	ひ	た
33	ひ	や
33	ふ	ろ
33	ぶ	ち
33	べ	く
33	ぼ	で
33	ゃ	つ
33	や	れ
33	ら	ぎ
33	わ	び
33	を	れ
33	ー	こ
32	ぃ	る
32	ぇ	く
32	お	だ
32	か	へ
32	が	ぎ
32	げ	が
32	ご	え
32	さ	お
32	せ	わ
32	ぜ	か
32	ぞ	い
32	だ	あ
32	っ	ぺ
32	て	ぜ
32	ど	せ
32	ど	ー
32	ぬ	。
32	は	ぐ
32	ば	め
32	び	や
32	ぶ	す
32	み	。
32	め	ず
32	ゃ	た
32	や	ね
32	ゅ	お
32	ょ	も
32	り	ぐ
32	る	れ
32	ー	あ
32	ー	れ
31	。	ば
31	あ	ば
31	か	づ
31	ぎ	っ
31	ぐ	が
31	こ	き
31	ご	ら
31	さ	み
31	せ	ぐ
31	だ	ひ
31	で	ぱ
31	な	び
31	な	ろ
31	ば	お
31	ば	き
31	ふ	を
31	ぶ	が
31	ほ	す
31	ま	ひ
31	む	ぺ
31	め	そ
31	も	ご
31	や	う
31	り	ざ
31	り	ぬ
31	ー	け
31	ー	ー
30	。	ぽ
30	。	ろ
30	ぃ	が
30	ぎ	ま
30	く	ゆ
30	け	お
30	け	よ
30	げ	で
30	し	ね
30	し	わ
30	ず	る
30	ち	へ
30	な	ぞ
30	な	へ
30	に	ろ
30	ぬ	り
30	ば	せ
30	ば	だ
30	ば	ち
30	ふ	め
30	ぶ	も
30	ぽ	す
30	み	ど
30	め	じ
30	め	ば
30	ゃ	せ
30	や	ざ
30	や	ふ
30	ら	る
30	り	ぎ
29	、	ぞ
29	ぐ	も
29	こ	ひ
29	ご	せ
29	さ	よ
29	ざ	る
29	す	お
29	す	ひ
29	そ	ぎ
29	ち	ひ
29	て	へ
29	ば	う
29	ひ	み
29	へ	お
29	べ	に
29	ぽ	じ
29	ま	ぁ
29	む	せ
29	も	ゆ
29	ゃ	じ
29	ゃ	ま
29	や	ほ
29	や	よ
29	ゆ	く
29	ゆ	に
29	る	へ
29	れ	ち
29	わ	じ
29	ー	っ
28	ぎ	さ
28	ぎ	つ
28	げ	、
28	ざ	き
28	し	ぐ
28	じ	ご
28	じ	ぜ
28	じ	ろ
28	す	あ
28	せ	で
28	せ	ぷ
28	た	ゆ
28	ち	。
28	ち	ね
28	つ	ほ
28	で	れ
28	と	ぷ
28	ど	み
28	な	む
28	ぱ	ね
28	ひ	ふ
28	ふ	て
28	ぶ	な
28	ぶ	ひ
28	ぷ	は
28	へ	き
28	べ	す
28	べ	ま
28	ぼ	た
28	み	ぢ
28	む	く
28	む	ぱ
28	も	ろ
28	ゃ	む
28	り	べ
28	り	れ
28	ろ	ふ
28	わ	う
27	ぃ	う
27	ぇ	ぶ
27	お	へ
27	か	ほ
27	が	ば
27	ぎ	く
27	ぎ	こ
27	ぐ	か
27	げ	の
27	じ	え
27	じ	や
27	す	や
27	ず	も
27	せ	。
27	せ	と
27	ぜ	ろ
27	だ	お
27	つ	む
27	に	ぷ
27	ね	し
27	ね	り
27	ば	ま
27	ぱ	む
27	ふ	こ
27	ぶ	く
27	ぶ	ぬ
27	べ	お
27	ぽ	っ
27	ま	め
27	む	っ
27	め	く
27	ゃ	け
27	ゃ	だ
27	や	え
27	ょ	ほ
27	れ	ぐ
27	を	ぼ
26	あ	こ
26	え	み
26	え	む
26	お	ゆ
26	き	へ
26	ぎ	す
26	ぎ	や
26	く	ず
26	ぐ	と
26	ご	そ
26	ご	よ
26	ご	れ
26	ざ	と
26	す	げ
26	す	ち
26	た	ぼ
26	だ	み
26	つ	る
26	て	ろ
26	ぬ	か
26	ね	は
26	の	ぴ
26	ば	け
26	ぱ	た
26	ひ	づ
26	ぷ	さ
26	へ	た
26	べ	な
26	べ	れ
26	ほ	め
26	ぽ	た
26	ま	て
26	む	よ
26	め	こ
26	も	ぜ
26	ゃ	わ
26	や	ゆ
26	ゅ	ら
26	ゆ	で
26	よ	き
26	り	び
26	り	め
26	る	ぱ
26	れ	さ
26	れ	ぜ
26	ろ	え
26	ー	ぽ
25	ぃ	ず
25	ぃ	っ
25	う	ぷ
25	ぇ	す
25	が	ぼ
25	ぐ	ろ
25	け	す
25	け	ず
25	こ	へ
25	さ	も
25	す	せ
25	す	ぶ
25	ず	さ
25	で	を
25	ど	そ
25	ど	て
25	に	ぐ
25	は	ろ
25	ふ	で
25	ふ	ば
25	ぶ	み
25	へ	っ
25	へ	て
25	へ	は
25	ほ	ら
25	め	。
25	や	だ
25	や	ひ
25	ゅ	で
25	ょ	め
25	り	ご
25	り	ら
25	わ	て
25	わ	ば
25	を	げ
24	。	の
24	。	び
24	ぁ	れ
24	お	げ
24	お	む
24	が	べ
24	ぎ	せ
24	ぐ	げ
24	け	や
24	ご	ふ
24	じ	ふ
24	じ	へ
24	す	び
24	ず	あ
24	せ	ば
24	そ	わ
24	つ	へ
24	ど	ひ
24	ど	へ
24	ね	こ
24	ば	む
24	び	く
24	び	み
24	ぴ	り
24	ふ	な
24	ぶ	い
24	ぺ	き
24	ほ	さ
24	む	も
24	む	ろ
24	や	む
24	ゆ	の
24	ゆ	み
24	ら	げ
24	る	ぷ
24	れ	や
24	ろ	ご
24	ー	よ
23	、	る
23	。	ざ
23	。	ぷ
23	ぃ	を
23	え	ち
23	え	や
23	こ	べ
23	ご	ぞ
23	ざ	の
23	ず	り
23	せ	ぎ
23	ぜ	な
23	そ	で
23	そ	ぽ
23	た	ぜ
23	ち	せ
23	ち	び
23	ち	べ
23	て	ぎ
23	な	ぽ
23	ね	ず
23	び	ら
23	ぶ	ー
23	ぷ	す
23	ぼ	い
23	ぼ	す
23	ま	ぜ
23	み	ご
23	め	よ
23	ゃ	。
23	や	て
23	ゅ	え
23	ゆ	ず
23	ょ	そ
23	よ	け
23	わ	ま
22	あ	び
22	ぃ	な
22	ぉ	る
22	ぐ	き
22	ぐ	な
22	こ	。
22	こ	て
22	さ	ず
22	ざ	に
22	じ	そ
22	ず	す
22	ぜ	り
22	そ	に
22	そ	は
22	そ	を
22	ち	る
22	て	び
22	で	っ
22	で	ぼ
22	で	ら
22	と	ぜ
22	に	る
22	ぬ	の
22	は	ぞ
22	は	ぱ
22	ば	も
22	ひ	も
22	び	て
22	び	ひ
22	ぼ	が
22	ま	げ
22	み	く
22	み	わ
22	む	げ
22	む	ひ
22	め	ち
22	め	や
22	ゃ	お
22	や	げ
22	ゆ	い
22	よ	に
22	よ	ほ
22	よ	ま
22	よ	ゆ
22	り	ぼ
22	れ	あ
22	わ	も
22	ー	う
21	あ	。
21	あ	み
21	お	ぶ
21	か	ゆ
21	き	ぐ
21	け	ち
21	け	ね
21	じ	ひ
21	せ	く
21	せ	め
21	そ	る
21	ち	ぎ
21	ち	れ
21	ち	わ
21	つ	ぐ
21	つ	ゆ
21	て	ぼ
21	で	げ
21	な	ぼ
21	に	ざ
21	ね	き
21	ひ	げ
21	び	ふ
21	ぶ	、
21	ぶ	そ
21	べ	、
21	ま	ぎ
21	み	け
21	み	ほ
21	む	ま
21	や	ぢ
21	ゅ	か
21	ゅ	ざ
21	ょ	お
21	ょ	よ
21	ょ	る
21	る	ぞ
21	る	ぽ
21	れ	ぎ
21	ろ	り
21	ん	づ
21	ー	げ
21	ー	ほ
20	あ	む
20	ぃ	し
20	ぃ	ぽ
20	ぇ	。
20	が	ぽ
20	ぎ	だ
20	ぐ	ー
20	け	さ
20	げ	す
20	こ	ふ
20	ご	ぜ
20	ご	だ
20	ご	ひ
20	さ	ほ
20	す	そ
20	ぞ	え
20	た	ご
20	た	ぷ
20	だ	だ
20	つ	ふ
20	て	ぶ
20	と	ぐ
20	と	べ
20	ぬ	ん
20	ね	ぃ
20	ぱ	わ
20	ひ	そ
20	び	お
20	び	せ
20	ふ	す
20	ふ	そ
20	ぷ	ち
20	べ	し
20	ぼ	の
20	む	ほ
20	む	め
20	む	や
20	む	ー
20	も	へ
20	ゅ	も
20	よ	お
20	よ	だ
20	り	げ
20	り	ぷ
20	ろ	め
20	わ	。
20	を	。
19	。	ぐ
19	。	ぱ
19	ぁ	り
19	あ	ず
19	あ	ほ
19	ぃ	ぶ
19	ぇ	ん
19	お	ぷ
19	き	ぜ
19	ぎ	お
19	く	ぐ
19	く	ぽ
19	ぐ	こ
19	ぐ	だ
19	ぐ	や
19	け	く
19	げ	か
19	こ	け
19	ご	た
19	さ	あ
19	さ	ぽ
19	す	ろ
19	ぜ	、
19	そ	ざ
19	だ	え
19	ち	づ
19	て	ぐ
19	で	ぎ
19	ど	ふ
19	な	ね
19	な	ゆ
19	ぬ	す
19	ね	あ
19	ね	さ
19	ね	と
19	ば	え
19	ぱ	の
19	ひ	ぜ
19	ふ	い
19	ふ	ち
19	ぶ	あ
19	ぷ	て
19	ほ	を
19	ぼ	る
19	ま	。
19	よ	は
19	る	ぬ
19	ろ	け
19	ん	ぬ
19	ー	へ
18	、	ぺ
18	ぁ	っ
18	ぁ	と
18	あ	ざ
18	い	ぱ
18	え	め
18	き	ゆ
18	ぎ	あ
18	ぎ	ふ
18	く	づ
18	ぐ	、
18	ぐ	は
18	さ	ゆ
18	ざ	を
18	ず	く
18	ず	や
18	せ	れ
18	ち	げ
18	っ	あ
18	で	べ
18	で	ゅ
18	と	ぱ
18	ど	ほ
18	ど	わ
18	の	ず
18	は	ぷ
18	ば	わ
18	ひ	あ
18	び	つ
18	ぴ	あ
18	ぶ	ざ
18	ほ	ゆ
18	ぼ	つ
18	ま	ゆ
18	み	ぶ
18	む	ぎ
18	も	ぎ
18	も	げ
18	ゃ	ど
18	ゃ	ほ
18	ゆ	だ
18	ゆ	は
18	よ	た
18	ら	ざ
18	ら	ぱ
18	り	ろ
18	ろ	へ
17	え	お
17	が	ぷ
17	ぐ	ま
17	け	せ
17	こ	ゆ
17	ご	て
17	ご	な
17	ご	む
17	さ	ぞ
17	さ	ふ
17	す	ほ
17	せ	し
17	せ	は
17	そ	ぶ
17	だ	や
17	ち	ず
17	ち	ふ
17	っ	ず
17	て	げ
17	で	ぜ
17	で	ぬ
17	ね	で
17	ね	ま
17	は	ざ
17	ぱ	し
17	ぶ	よ
17	ぷ	う
17	ぷ	ー
17	へ	か
17	へ	び
17	ほ	い
17	ほ	の
17	み	ゃ
17	む	る
17	も	ぽ
17	ゃ	ね
17	ゅ	、
17	ゅ	ど
17	ゆ	ら
17	よ	ご
17	り	ぶ
17	る	む
17	る	ろ
17	れ	お
17	ろ	ざ
17	を	ぐ
17	を	ず
16	、	、
16	ぁ	ら
16	あ	ぱ
16	ぃ	い
16	ぃ	ち
16	ぃ	み
16	う	ぉ
16	う	ぱ
16	ぉ	ん
16	か	ぁ
16	か	ぐ
16	が	び
16	く	ぷ
16	け	う
16	こ	ね
16	せ	も
16	そ	ぼ
16	ぞ	お
16	ぞ	け
16	だ	ぶ
16	ち	う
16	つ	べ
16	に	べ
16	に	ゃ
16	ば	ひ
16	ひ	ひ
16	ひ	り
16	ふ	ー
16	ぶ	お
16	ぷ	、
16	へ	む
16	べ	も
16	ぺ	と
16	ほ	お
16	ぼ	ろ
16	ぽ	あ
16	ま	ぬ
16	も	ぞ
16	も	び
16	も	ぶ
16	ゃ	ぱ
16	ゃ	ひ
16	ゅ	や
16	ゆ	と
16	ょ	け
16	ょ	ひ
16	ょ	ま
16	ょ	や
16	よ	と
16	よ	や
16	ら	ぜ
16	ら	ぞ
16	ら	づ
16	ら	ら
16	わ	、
16	を	ぞ
16	ー	み
15	あ	ひ
15	え	せ
15	お	ご
15	が	ぴ
15	こ	ぎ
15	し	へ
15	ず	じ
15	せ	け
15	せ	さ
15	せ	み
15	つ	ん
15	て	ぱ
15	と	ぅ
15	ど	ぐ
15	ば	ば
15	ば	ふ
15	ば	ほ
15	ひ	え
15	ひ	ざ
15	ひ	せ
15	び	え
15	び	ち
15	ふ	お
15	ぷ	せ
15	ぼ	か
15	ぼ	け
15	ぼ	ち
15	ぼ	ら
15	ぽ	ろ
15	ま	ふ
15	み	ね
15	む	づ
15	む	れ
15	め	お
15	ゃ	こ
15	ゃ	め
15	や	ぼ
15	ょ	ね
15	り	ぞ
15	り	ぽ
15	ろ	わ
15	わ	よ
14	、	ぬ
14	、	ぴ
14	。	ず
14	あ	ね
14	あ	も
14	ぃ	お
14	ぃ	か
14	う	づ
14	え	ひ
14	か	ぷ
14	が	ず
14	が	ぬ
14	ぎ	。
14	ぎ	き
14	ぐ	。
14	ぐ	せ
14	け	ぶ
14	ざ	ら
14	じ	う
14	じ	ほ
14	せ	ね
14	そ	す
14	ぞ	か
14	た	ぱ
14	ち	ぼ
14	っ	。
14	で	ぷ
14	に	ぬ
14	に	ぱ
14	ぬ	じ
14	ぬ	ま
14	ね	ぎ
14	ば	。
14	ば	へ
14	ひ	す
14	ふ	べ
14	ぷ	く
14	へ	で
14	ぺ	す
14	ぼ	に
14	む	わ
14	も	ぐ
14	ゃ	へ
14	や	ぎ
14	や	ご
14	や	び
14	ゅ	き
14	ゅ	せ
14	ゆ	り
14	ゆ	れ
14	よ	つ
14	よ	れ
14	よ	を
14	ら	ぼ
14	れ	み
14	ろ	ど
14	ろ	ほ
14	ろ	れ
14	わ	へ
14	わ	や
14	を	べ
13	、	っ
13	。	ぞ
13	あ	ぎ
13	あ	ご
13	あ	ぴ
13	い	づ
13	え	そ
13	え	び
13	か	ぼ
13	が	ざ
13	ぎ	う
13	ぎ	ち
13	ぎ	へ
13	ぎ	よ
13	ぐ	じ
13	け	き
13	け	こ
13	け	ひ
13	げ	く
13	ご	っ
13	ご	ぶ
13	ご	ほ
13	さ	う
13	さ	ち
13	さ	ど
13	ず	た
13	せ	こ
13	ぞ	ご
13	ぞ	み
13	だ	ぞ
13	だ	ふ
13	ち	ぐ
13	つ	ざ
13	づ	ら
13	ど	え
13	な	ぷ
13	ぬ	が
13	ぬ	く
13	ば	て
13	ば	み
13	び	け
13	ぴ	か
13	ふ	ざ
13	ぷ	か
13	へ	、
13	べ	よ
13	ほ	あ
13	ぽ	つ
13	む	え
13	め	あ
13	や	。
13	ゅ	い
13	ゅ	こ
13	ゅ	す
13	ゆ	が
13	ゆ	け
13	よ	す
13	る	ざ
13	れ	ぽ
13	ろ	づ
12	い	ヴ
12	い	ぺ
12	ぇ	の
12	え	へ
12	が	ろ
12	き	ぬ
12	け	び
12	げ	と
12	げ	は
12	ご	。
12	ご	ね
12	ご	ば
12	ご	へ
12	さ	ざ
12	ざ	せ
12	ざ	め
12	す	へ
12	ず	ふ
12	せ	ざ
12	そ	ま
12	た	づ
12	っ	っ
12	づ	め
12	で	ぽ
12	と	ざ
12	ど	つ
12	な	ず
12	ね	び
12	ば	ろ
12	ひ	。
12	び	れ
12	び	ろ
12	ふ	も
12	ぶ	え
12	ぶ	ね
12	ぷ	な
12	ぷ	ま
12	へ	く
12	へ	な
12	へ	ら
12	ぺ	っ
12	ほ	ろ
12	ま	へ
12	む	へ
12	む	む
12	め	ど
12	ゃ	よ
12	ゅ	ふ
12	ゆ	げ
12	ょ	げ
12	よ	あ
12	り	へ
12	る	ぺ
12	れ	め
12	ろ	び
12	を	ぽ
11	ぁ	く
11	ぃ	ぎ
11	ぃ	こ
11	ぃ	と
11	ぃ	よ
11	え	ぎ
11	え	ぷ
11	お	ぎ
11	お	ず
11	が	ぱ
11	き	べ
11	ぎ	ぬ
11	ぎ	み
11	く	ぉ
11	ぐ	ず
11	け	み
11	け	む
11	げ	え
11	げ	だ
11	げ	よ
11	さ	ぐ
11	ざ	り
11	し	づ
11	じ	げ
11	す	ふ
11	ず	え
11	ず	ぎ
11	ず	そ
11	ず	ば
11	ず	め
11	ず	よ
11	せ	あ
11	せ	ぬ
11	せ	ぶ
11	せ	ろ
11	そ	せ
11	そ	め
11	ぞ	と
11	た	ぽ
11	だ	ゆ
11	て	ざ
11	て	ぷ
11	ど	げ
11	ど	ぜ
11	な	ざ
11	な	ぢ
11	な	ぱ
11	ば	ぐ
11	ば	ど
11	ぱ	る
11	ひ	お
11	ひ	ば
11	ひ	ゅ
11	び	そ
11	ぴ	る
11	ぷ	。
11	ぷ	こ
11	ぷ	へ
11	へ	し
11	へ	つ
11	へ	も
11	べ	か
11	べ	さ
11	ほ	ね
11	ほ	る
11	ぼ	な
11	ぼ	れ
11	ぽ	か
11	ぽ	さ
11	ま	そ
11	ま	ぶ
11	ま	べ
11	む	お
11	め	せ
11	も	ず
11	も	べ
11	ゃ	ば
11	や	へ
11	ゅ	ぼ
11	ゆ	し
11	ょ	ろ
11	よ	ぎ
11	る	ず
11	ろ	た
11	を	ぷ
11	を	ら
11	ー	ぜ
10	、	を
10	あ	ゆ
10	ぃ	さ
10	ぃ	せ
10	ぃ	ほ
10	ぃ	れ
10	い	ぽ
10	え	う
10	え	ふ
10	が	ぐ
10	き	ぞ
10	ぎ	ほ
10	く	ぱ
10	ぐ	び
10	け	め
10	げ	り
10	さ	こ
10	さ	た
10	ざ	は
10	ざ	や
10	し	ぴ
10	し	ゆ
10	す	ぞ
10	す	ゆ
10	そ	え
10	そ	き
10	そ	さ
10	そ	そ
10	そ	ぷ
10	そ	べ
10	ぞ	、
10	ぞ	っ
10	ぞ	の
10	ぞ	ら
10	た	ざ
10	だ	ぺ
10	だ	ほ
10	つ	ず
10	て	づ
10	て	ぬ
10	て	べ
10	で	ろ
10	ど	ぶ
10	に	ぴ
10	ぬ	ぐ
10	ね	か
10	ね	く
10	ね	も
10	は	ぁ
10	は	ぴ
10	は	ぽ
10	び	。
10	び	ば
10	び	へ
10	び	ほ
10	ぴ	の
10	ぶ	う
10	ぷ	け
10	ぷ	だ
10	へ	あ
10	へ	ぇ
10	へ	そ
10	ぼ	さ
10	ぽ	に
10	み	ゆ
10	め	ご
10	も	ざ
10	も	ぼ
10	ゃ	き
10	ゃ	そ
10	ゃ	ぷ
10	ゅ	ぶ
10	ゆ	を
10	ょ	ぐ
10	ょ	ど
10	よ	じ
10	よ	ち
10	よ	ど
10	ら	ろ
10	り	ぃ
10	ろ	お
10	わ	こ
10	わ	ぬ
10	わ	む
10	を	ぱ
10	ー	ヴ
10	ー	ぬ
9	ぁ	ろ
9	ぃ	ね
9	ぃ	も
9	ぃ	ら
9	ぅ	ー
9	ぇ	ふ
9	え	ぐ
9	え	ほ
9	お	ざ
9	か	ぱ
9	ぎ	ぃ
9	ぎ	け
9	ぎ	ご
9	ぎ	ど
9	ぎ	ひ
9	ぐ	お
9	け	ふ
9	け	べ
9	げ	じ
9	げ	れ
9	ご	つ
9	さ	ご
9	さ	じ
9	さ	ぬ
9	ざ	ね
9	じ	ぺ
9	ぜ	こ
9	ぜ	て
9	ぜ	を
9	そ	じ
9	ぞ	む
9	だ	ぁ
9	ち	ゆ
9	づ	よ
9	と	ぴ
9	ど	ど
9	ど	べ
9	ど	む
9	ぬ	こ
9	ぬ	も
9	ぬ	る
9	ね	お
9	ね	づ
9	ば	ず
9	ば	ね
9	ぱ	ち
9	ぱ	れ
9	ひ	ぼ
9	ひ	れ
9	び	う
9	び	げ
9	び	ど
9	び	ね
9	び	び
9	ぴ	き
9	ふ	ほ
9	ぶ	へ
9	ぷ	ぜ
9	ぷ	め
9	ぷ	も
9	へ	す
9	べ	と
9	べ	ろ
9	べ	を
9	ほ	わ
9	ぼ	そ
9	ぽ	る
9	ま	ろ
9	む	あ
9	む	つ
9	む	ば
9	ゃ	ざ
9	や	ぱ
9	や	べ
9	ゅ	。
9	ょ	た
9	ょ	み
9	よ	ぷ
9	よ	ら
9	ら	ぽ
9	れ	ひ
9	れ	ぶ
9	れ	ゆ
9	を	ぴ
9	を	ろ
8	う	ぽ
8	ヴ	ぃ
8	お	ぉ
8	お	ぐ
8	お	ぞ
8	お	ぱ
8	ぎ	ざ
8	ぎ	ぼ
8	ぐ	ふ
8	け	ぬ
8	け	り
8	げ	お
8	げ	ば
8	こ	ず
8	こ	づ
8	ご	ぷ
8	さ	べ
8	ざ	が
8	ざ	け
8	し	ぃ
8	じ	ぐ
8	ず	ひ
8	せ	お
8	せ	じ
8	ぜ	が
8	そ	て
8	そ	み
8	だ	ぎ
8	だ	ぜ
8	だ	ば
8	ち	み
8	ぢ	は
8	づ	み
8	て	ず
8	て	ぽ
8	で	ず
8	ど	ぅ
8	ど	ゆ
8	に	ず
8	ぬ	お
8	ぬ	と
8	ぬ	よ
8	ぬ	れ
8	ね	ち
8	ね	ぶ
8	ね	や
8	の	ぬ
8	ば	び
8	ひ	ぶ
8	ひ	ほ
8	び	わ
8	ぴ	で
8	ふ	、
8	ふ	ぜ
8	ふ	ぶ
8	ぷ	あ
8	ぷ	き
8	へ	ひ
8	ぺ	け
8	ぺ	し
8	ぺ	ら
8	ほ	が
8	ほ	で
8	ほ	な
8	ぼ	と
8	ぽ	く
8	ま	ぱ
8	み	ぐ
8	み	ぜ
8	み	づ
8	み	ば
8	み	め
8	み	ろ
8	む	ど
8	む	べ
8	ゃ	ぐ
8	や	ぽ
8	ゅ	び
8	よ	が
8	り	ぺ
8	れ	え
8	ろ	ぎ
8	ろ	ゆ
8	ろ	ら
8	わ	ね
8	ー	え
7	。	ぺ
7	ぁ	べ
7	ぃ	。
7	ぃ	ぐ
7	ぃ	り
7	ヴ	ぇ
7	え	ご
7	え	ぴ
7	か	ヴ
7	ぎ	ぶ
7	ぐ	え
7	ぐ	そ
7	け	ぼ
7	こ	げ
7	こ	ぞ
7	さ	ぷ
7	ざ	、
7	ざ	み
7	じ	ぞ
7	じ	び
7	す	ど
7	ず	せ
7	ず	ち
7	ず	ど
7	ず	ぶ
7	ず	ほ
7	ず	ぼ
7	せ	う
7	せ	げ
7	ぜ	。
7	ぜ	あ
7	ぜ	だ
7	ぜ	る
7	そ	お
7	そ	ぐ
7	ち	ぢ
7	ち	ぱ
7	ち	む
7	ぢ	が
7	て	ぇ
7	て	ぞ
7	で	ぴ
7	と	ぽ
7	ど	ぼ
7	な	づ
7	な	ぺ
7	に	ぽ
7	ぬ	ぎ
7	ぬ	ご
7	ぬ	っ
7	ぬ	ふ
7	ぬ	を
7	ね	せ
7	ね	ぼ
7	ぱ	う
7	ぱ	で
7	ぱ	と
7	ぱ	ぱ
7	ひ	わ
7	ぴ	こ
7	ぴ	た
7	ぴ	は
7	ふ	ふ
7	ふ	む
7	ぶ	ぎ
7	ぶ	て
7	ぶ	ま
7	ぷ	や
7	へ	こ
7	へ	ぶ
7	べ	の
7	ほ	、
7	ほ	え
7	ほ	に
7	ぼ	あ
7	ぼ	お
7	ぼ	こ
7	ぼ	は
7	ぽ	と
7	ぽ	の
7	ぽ	れ
7	み	ぬ
7	み	へ
7	む	て
7	ゃ	え
7	ゃ	ぜ
7	や	ぞ
7	ゅ	ひ
7	ゆ	や
7	ょ	ざ
7	ょ	ず
7	ょ	ぼ
7	れ	せ
7	れ	ぬ
7	ろ	ち
7	ろ	ろ
7	わ	あ
7	わ	ぐ
7	わ	ろ
6	あ	ぁ
6	あ	へ
6	ぃ	、
6	ぃ	く
6	ぃ	じ
6	ぃ	で
6	ぃ	ま
6	ぇ	こ
6	え	け
6	ぉ	れ
6	か	ぬ
6	か	ぴ
6	ぎ	ず
6	ぎ	ば
6	く	ぴ
6	ぐ	ぎ
6	ぐ	く
6	ぐ	ね
6	ぐ	ひ
6	ぐ	ぼ
6	け	ろ
6	げ	あ
6	こ	ぼ
6	ざ	た
6	し	ざ
6	し	ぞ
6	じ	ず
6	ず	ご
6	ず	べ
6	ぜ	た
6	ぜ	み
6	そ	よ
6	ぞ	こ
6	だ	げ
6	ち	ぬ
6	ぢ	の
6	っ	だ
6	つ	ぁ
6	つ	ぱ
6	つ	ぽ
6	づ	れ
6	て	ぴ
6	で	ぞ
6	ど	ご
6	ね	そ
6	ね	ふ
6	は	ぬ
6	ひ	ゆ
6	び	ゃ
6	び	よ
6	ぴ	そ
6	ぴ	ゃ
6	ふ	。
6	ふ	ご
6	ふ	わ
6	ぶ	せ
6	ぶ	ふ
6	へ	り
6	べ	が
6	べ	や
6	ぺ	く
6	ぺ	れ
6	ほ	た
6	ほ	は
6	ほ	ほ
6	ほ	れ
6	ぼ	を
6	ぽ	が
6	ぽ	し
6	ぽ	て
6	ぽ	ど
6	ぽ	を
6	ま	ば
6	む	ご
6	め	け
6	め	む
6	め	れ
6	も	ぴ
6	ゃ	ふ
6	や	ぁ
6	や	ぷ
6	ゅ	そ
6	ゅ	れ
6	ゆ	こ
6	ゆ	そ
6	ゆ	も
6	ょ	ぜ
6	ょ	へ
6	ら	ぴ
6	り	ぜ
6	ろ	て
6	ろ	ね
6	ろ	ひ
6	わ	げ
6	わ	ご
6	を	ざ
6	を	び
6	ー	ご
5	。	っ
5	。	ぬ
5	ぁ	に
5	あ	ぜ
5	あ	ぼ
5	あ	よ
5	ぃ	き
5	ヴ	の
5	ぇ	、
5	ぇ	ら
5	ぉ	、
5	ぉ	ら
5	お	ぜ
5	き	ぷ
5	ぎ	そ
5	ぎ	ね
5	ぐ	ぐ
5	ぐ	て
5	ぐ	ほ
5	け	え
5	け	け
5	け	ご
5	け	そ
5	け	ぱ
5	け	わ
5	げ	ろ
5	こ	ご
5	ご	げ
5	ご	べ
5	ざ	あ
5	ざ	え
5	ざ	だ
5	ざ	む
5	し	び
5	じ	ざ
5	す	ぜ
5	ず	ゆ
5	ぜ	き
5	ぜ	せ
5	ぜ	で
5	そ	ほ
5	そ	む
5	ぞ	は
5	ぞ	よ
5	ぞ	り
5	ぞ	ろ
5	だ	ぐ
5	ち	ぴ
5	ぢ	を
5	っ	む
5	づ	り
5	で	ぺ
5	と	ぬ
5	ど	ぎ
5	な	ぴ
5	ぬ	ほ
5	ぬ	ー
5	の	ヴ
5	ば	げ
5	ば	ぼ
5	ぱ	き
5	ぱ	げ
5	ぱ	ひ
5	ぱ	を
5	び	ぜ
5	び	ぼ
5	ぴ	ち
5	ぴ	も
5	ぴ	を
5	ふ	ぐ
5	ふ	ぼ
5	ぶ	け
5	ぶ	ほ
5	ぷ	い
5	ぷ	え
5	ぷ	じ
5	ぷ	た
5	へ	う
5	へ	れ
5	べ	え
5	べ	で
5	べ	ば
5	ぺ	こ
5	ほ	き
5	ほ	ち
5	ぼ	、
5	ぼ	き
5	ぼ	じ
5	ぼ	ど
5	ぽ	で
5	ま	び
5	む	ふ
5	む	ぼ
5	め	え
5	め	ぼ
5	め	み
5	も	ぉ
5	も	ぬ
5	も	ぱ
5	も	ぷ
5	ゃ	ぁ
5	ゃ	ぎ
5	や	ず
5	ゅ	て
5	ゆ	、
5	ゆ	す
5	ょ	あ
5	よ	べ
5	り	ぴ
5	る	る
5	ろ	つ
5	ろ	ぴ
5	ろ	ぶ
5	ろ	ぷ
5	わ	ふ
4	。	ぴ
4	。	る
4	。	を
4	ぁ	す
4	あ	ヴ
4	ぃ	だ
4	ぃ	や
4	い	ぴ
4	ぅ	ぃ
4	ぅ	は
4	う	ぺ
4	ヴ	を
4	ぇ	で
4	え	わ
4	ぉ	い
4	お	べ
4	お	ぺ
4	が	ぺ
4	ぎ	ぜ
4	ぐ	つ
4	ぐ	ぽ
4	ぐ	む
4	ぐ	ゆ
4	げ	ぇ
4	げ	み
4	げ	や
4	こ	ぜ
4	こ	ぽ
4	さ	ぁ
4	さ	ぼ
4	ざ	う
4	ざ	そ
4	ざ	ち
4	ざ	で
4	ざ	ぶ
4	し	ぷ
4	し	べ
4	じ	ぱ
4	す	つ
4	す	ぬ
4	ず	ぜ
4	ず	て
4	せ	え
4	せ	ふ
4	ぜ	そ
4	ぜ	と
4	ぜ	ま
4	そ	け
4	そ	ご
4	そ	ね
4	そ	ひ
4	ぞ	な
4	ぞ	ー
4	た	ぴ
4	た	ぺ
4	だ	ざ
4	だ	へ
4	ち	ぞ
4	ぢ	め
4	つ	ぃ
4	つ	ぷ
4	づ	な
4	て	ぢ
4	で	ぐ
4	と	ぺ
4	ど	ぱ
4	ど	び
4	な	ぬ
4	ぬ	、
4	ぬ	ぁ
4	ぬ	や
4	ね	へ
4	は	ぺ
4	ば	ぎ
4	ば	ぜ
4	ば	べ
4	ぱ	か
4	ぱ	が
4	ぱ	じ
4	ぱ	ふ
4	ぱ	や
4	ぱ	ろ
4	ひ	う
4	ひ	ぐ
4	ひ	ち
4	ひ	ね
4	び	ご
4	び	ず
4	び	ぶ
4	び	ぽ
4	ぴ	い
4	ぴ	が
4	ぴ	に
4	ふ	ぞ
4	ふ	ひ
4	ふ	ゅ
4	ぶ	ば
4	ぶ	ぱ
4	ぶ	わ
4	ぷ	お
4	ぷ	そ
4	ぷ	ひ
4	ぷ	ふ
4	へ	ど
4	へ	ぼ
4	へ	わ
4	べ	は
4	ぺ	て
4	ぺ	る
4	ぺ	ろ
4	ぼ	ぜ
4	ぼ	ま
4	ぼ	も
4	ぽ	な
4	ま	ぞ
4	ま	づ
4	ま	ぼ
4	み	ぱ
4	み	ひ
4	み	べ
4	む	う
4	む	ざ
4	む	ぞ
4	む	び
4	む	ん
4	め	う
4	め	ひ
4	め	ほ
4	ゃ	ご
4	ゃ	ず
4	ゃ	て
4	ゃ	み
4	や	ぜ
4	ゅ	ぜ
4	ゅ	ぷ
4	ょ	び
4	よ	ぉ
4	ら	ぷ
4	り	づ
4	り	ぱ
4	る	づ
4	る	ぴ
4	れ	ね
4	れ	り
4	ろ	ぜ
4	わ	ひ
4	ー	ぎ
3	ぁ	ぁ
3	ぁ	め
3	ぁ	る
3	あ	ぐ
3	ぃ	ざ
3	ぃ	そ
3	ぃ	ぞ
3	ぃ	て
3	ぃ	ば
3	ぃ	ふ
3	ぃ	ろ
3	う	ぬ
3	う	ぴ
3	ヴ	は
3	ぇ	お
3	ぇ	と
3	ぇ	な
3	え	ざ
3	え	ぬ
3	え	べ
3	え	ぼ
3	ぉ	。
3	ぉ	ぃ
3	ぉ	ぉ
3	ぉ	か
3	ぉ	り
3	お	ぴ
3	き	ぺ
3	き	ぽ
3	ぎ	め
3	ぐ	め
3	ぐ	よ
3	け	ぎ
3	け	ぽ
3	け	ゆ
3	げ	。
3	げ	こ
3	げ	ひ
3	げ	む
3	げ	も
3	こ	ぐ
3	こ	ざ
3	こ	ほ
3	ご	び
3	さ	ぴ
3	さ	ろ
3	ざ	く
3	ざ	じ
3	ざ	な
3	ざ	ほ
3	じ	ぼ
3	す	ぼ
3	ず	げ
3	ず	ざ
3	ず	へ
3	ず	わ
3	ず	ー
3	せ	そ
3	せ	び
3	せ	む
3	ぜ	う
3	ぜ	の
3	ぜ	ら
3	そ	あ
3	そ	げ
3	そ	ぜ
3	そ	や
3	ぞ	し
3	ぞ	せ
3	た	ぁ
3	だ	ご
3	だ	び
3	だ	ぼ
3	ぢ	も
3	っ	ご
3	っ	ひ
3	づ	っ
3	づ	つ
3	に	ぇ
3	に	づ
3	に	ぺ
3	ぬ	え
3	ぬ	は
3	ね	ゆ
3	の	づ
3	ば	ご
3	ば	ざ
3	ぱ	こ
3	ぱ	て
3	ぱ	ま
3	び	ぐ
3	ぴ	、
3	ぴ	ざ
3	ぴ	ろ
3	ふ	び
3	ぶ	め
3	へ	ち
3	へ	ほ
3	へ	ま
3	へ	み
3	へ	め
3	へ	ゆ
3	へ	よ
3	べ	あ
3	べ	う
3	べ	せ
3	べ	ひ
3	ぺ	だ
3	ぺ	に
3	ほ	。
3	ほ	ぐ
3	ほ	ぜ
3	ほ	ま
3	ほ	や
3	ぼ	ぎ
3	ぼ	せ
3	ぼ	だ
3	ぼ	ね
3	ぼ	や
3	ぽ	ち
3	ぽ	ぴ
3	ぽ	ら
3	ま	ぢ
3	ま	ぷ
3	み	ぞ
3	み	ぺ
3	み	む
3	め	ぎ
3	め	げ
3	め	づ
3	め	ね
3	め	ふ
3	め	ぶ
3	め	ゆ
3	ゃ	ぶ
3	ゃ	ろ
3	や	ぐ
3	ゅ	ご
3	ゆ	あ
3	ゆ	さ
3	ゆ	な
3	ゆ	ふ
3	ょ	ご
3	ょ	れ
3	よ	げ
3	よ	ふ
3	ら	ぁ
3	ら	ヴ
3	ら	ぺ
3	る	ヴ
3	れ	け
3	れ	ぱ
3	れ	ぼ
3	ろ	ぞ
3	ろ	む
3	わ	ぁ
3	わ	そ
3	わ	つ
3	わ	ぶ
3	を	る
3	ん	ー
3	ー	ぴ
3	ー	ぺ
3	ー	ゆ
2	、	。
2	。	ん
2	ぁ	あ
2	ぁ	お
2	ぁ	き
2	ぁ	し
2	ぁ	じ
2	ぁ	ぜ
2	ぁ	た
2	ぁ	て
2	ぁ	で
2	ぁ	な
2	あ	ぞ
2	ぃ	ぃ
2	ぃ	け
2	ぅ	ぅ
2	ぅ	が
2	ぅ	っ
2	ぅ	と
2	ぅ	に
2	う	ヴ
2	ヴ	で
2	ぇ	え
2	ぇ	か
2	ぇ	ね
2	ぇ	は
2	ぇ	む
2	ぇ	も
2	ぇ	や
2	ぇ	よ
2	ぇ	ろ
2	え	ぇ
2	え	げ
2	え	ぞ
2	え	ゆ
2	ぉ	あ
2	ぉ	ろ
2	お	づ
2	お	ほ
2	か	ぽ
2	き	ぱ
2	ぎ	づ
2	ぎ	び
2	く	ぬ
2	く	ぺ
2	ぐ	け
2	ぐ	ぜ
2	ぐ	ぞ
2	ぐ	ど
2	ぐ	ば
2	ぐ	ぶ
2	ぐ	わ
2	け	げ
2	け	ぜ
2	け	づ
2	け	ぺ
2	げ	ぐ
2	げ	せ
2	げ	ち
2	げ	ぼ
2	げ	め
2	こ	ぬ
2	ご	ゆ
2	ご	わ
2	ざ	さ
2	ざ	び
2	ざ	へ
2	ざ	も
2	し	ぱ
2	じ	ぃ
2	じ	づ
2	じ	べ
2	す	ざ
2	ず	ぐ
2	ず	び
2	ず	ぽ
2	せ	せ
2	せ	ち
2	せ	づ
2	せ	ひ
2	せ	べ
2	ぜ	ぃ
2	ぜ	ぎ
2	ぜ	く
2	ぜ	さ
2	ぜ	じ
2	ぜ	ど
2	ぜ	ね
2	ぜ	は
2	ぜ	よ
2	そ	ど
2	そ	ぱ
2	そ	へ
2	ぞ	ぉ
2	ぞ	が
2	ぞ	げ
2	ぞ	め
2	ぞ	や
2	ぞ	る
2	ぞ	わ
2	た	ヴ
2	だ	づ
2	だ	ど
2	だ	ぬ
2	だ	ぷ
2	ち	ざ
2	ち	ぷ
2	ち	ぺ
2	ち	ぽ
2	っ	ね
2	っ	の
2	っ	び
2	っ	へ
2	っ	れ
2	つ	ぇ
2	つ	ぉ
2	づ	と
2	づ	ね
2	づ	ま
2	て	ぺ
2	と	ヴ
2	と	ぉ
2	ど	ヴ
2	ど	ぽ
2	に	ぃ
2	ぬ	あ
2	ぬ	う
2	ぬ	げ
2	ぬ	ぞ
2	ぬ	た
2	ぬ	だ
2	ぬ	に
2	ぬ	ひ
2	ぬ	ゆ
2	ぬ	ら
2	ね	う
2	ね	ご
2	ね	ぬ
2	ね	ひ
2	ね	よ
2	ね	わ
2	ば	ぞ
2	ば	づ
2	ば	ぷ
2	ば	ぽ
2	ば	ゆ
2	ぱ	ぐ
2	ぱ	ご
2	ぱ	さ
2	ぱ	ず
2	ぱ	せ
2	ぱ	だ
2	ぱ	は
2	ぱ	ぴ
2	ぱ	ぶ
2	ぱ	ぷ
2	ひ	へ
2	び	ぃ
2	び	ぎ
2	び	ざ
2	び	ぬ
2	び	む
2	び	め
2	ぴ	え
2	ぴ	く
2	ぴ	じ
2	ぴ	だ
2	ぴ	て
2	ぴ	と
2	ぴ	ふ
2	ぴ	や
2	ぴ	れ
2	ふ	ぅ
2	ふ	げ
2	ふ	ず
2	ふ	ぱ
2	ぶ	ご
2	ぶ	む
2	ぷ	ぐ
2	ぷ	ご
2	ぷ	ぷ
2	ぷ	ぺ
2	へ	え
2	へ	さ
2	へ	じ
2	へ	せ
2	へ	に
2	へ	ふ
2	へ	へ
2	べ	。
2	べ	ぇ
2	べ	こ
2	べ	ず
2	べ	そ
2	べ	み
2	ぺ	あ
2	ぺ	な
2	ぺ	り
2	ほ	だ
2	ほ	ば
2	ほ	ふ
2	ほ	へ
2	ほ	み
2	ぼ	。
2	ぼ	げ
2	ぼ	ぶ
2	ぼ	み
2	ぼ	わ
2	ぽ	、
2	ぽ	ぐ
2	ぽ	だ
2	ぽ	は
2	ぽ	ぶ
2	ぽ	ぷ
2	ぽ	へ
2	ぽ	や
2	ま	む
2	み	び
2	む	ぜ
2	む	み
2	む	ゆ
2	め	ぜ
2	め	ぞ
2	め	ぷ
2	め	へ
2	ゃ	ぼ
2	ゃ	ぽ
2	ゅ	ば
2	ゅ	へ
2	ゅ	ぺ
2	ゆ	。
2	ゆ	じ
2	ゆ	ち
2	ゆ	ぶ
2	ゆ	ま
2	ょ	つ
2	ょ	ふ
2	ょ	ぷ
2	ょ	べ
2	ょ	む
2	ょ	ら
2	よ	ぐ
2	よ	ぞ
2	よ	で
2	よ	へ
2	よ	ぽ
2	よ	も
2	よ	よ
2	り	ヴ
2	る	ぅ
2	れ	ぷ
2	れ	へ
2	ろ	ぬ
2	ろ	ぺ
2	ろ	る
2	わ	ど
1	、	ヴ
1	、	ん
1	。	、
1	。	ヴ
1	ぁ	け
1	ぁ	こ
1	ぁ	ざ
1	ぁ	そ
1	ぁ	だ
1	ぁ	ぬ
1	ぁ	ぶ
1	ぁ	や
1	ぁ	よ
1	あ	づ
1	あ	ぺ
1	あ	ぽ
1	ぃ	ど
1	ぃ	ぱ
1	ぃ	へ
1	ぃ	ぼ
1	い	ぃ
1	ぅ	。
1	ぅ	か
1	う	ぅ
1	ヴ	ぉ
1	ヴ	さ
1	ヴ	に
1	ヴ	ろ
1	ぇ	う
1	ぇ	そ
1	ぇ	ぞ
1	ぇ	ぱ
1	ぇ	ほ
1	ぇ	ぽ
1	ぇ	を
1	え	ぽ
1	ぉ	う
1	ぉ	っ
1	ぉ	で
1	ぉ	と
1	ぉ	の
1	ぉ	ま
1	ぉ	め
1	お	。
1	か	ぺ
1	き	ぃ
1	き	ぇ
1	ぎ	え
1	ぎ	ぐ
1	ぎ	ぞ
1	ぎ	ぷ
1	ぎ	ゆ
1	く	ぅ
1	ぐ	ぅ
1	ぐ	ご
1	ぐ	ざ
1	ぐ	べ
1	ぐ	ぺ
1	け	ぇ
1	け	ぐ
1	け	ざ
1	け	ほ
1	げ	う
1	げ	げ
1	げ	ご
1	げ	ざ
1	げ	ず
1	げ	ぜ
1	げ	そ
1	げ	ふ
1	げ	ぶ
1	げ	べ
1	げ	ぺ
1	こ	ぢ
1	こ	ぷ
1	ご	ぐ
1	ご	ぺ
1	ご	ぼ
1	さ	ぇ
1	さ	ぢ
1	さ	ぺ
1	ざ	お
1	ざ	ぎ
1	ざ	こ
1	ざ	ず
1	ざ	て
1	ざ	ど
1	ざ	べ
1	ざ	ぽ
1	ざ	よ
1	ざ	ろ
1	し	ぽ
1	じ	ぬ
1	じ	ぽ
1	す	ぃ
1	す	づ
1	ず	ぬ
1	ず	ぱ
1	ず	ぷ
1	ず	ろ
1	せ	ぇ
1	せ	ご
1	せ	ど
1	せ	ぱ
1	せ	ほ
1	せ	ぼ
1	せ	ぽ
1	せ	や
1	ぜ	ぇ
1	ぜ	え
1	ぜ	お
1	ぜ	ぐ
1	ぜ	け
1	ぜ	げ
1	ぜ	す
1	ぜ	ち
1	ぜ	べ
1	ぜ	ほ
1	ぜ	も
1	ぜ	や
1	ぜ	ゆ
1	ぜ	ー
1	そ	。
1	そ	ゆ
1	ぞ	あ
1	ぞ	じ
1	ぞ	だ
1	ぞ	て
1	ぞ	で
1	ぞ	ぷ
1	ぞ	ゆ
1	た	ぬ
1	だ	ヴ
1	だ	べ
1	ち	ぃ
1	ち	ヴ
1	ち	ぜ
1	ぢ	え
1	ぢ	し
1	ぢ	じ
1	ぢ	に
1	ぢ	ま
1	ぢ	み
1	ぢ	ゃ
1	ぢ	り
1	ぢ	ん
1	っ	ぅ
1	っ	で
1	っ	な
1	っ	ぶ
1	っ	ま
1	っ	め
1	っ	ら
1	っ	を
1	つ	ぬ
1	つ	ぺ
1	づ	え
1	づ	ち
1	づ	て
1	づ	に
1	づ	も
1	づ	わ
1	づ	を
1	て	ヴ
1	で	ぇ
1	で	づ
1	ど	ざ
1	ど	ず
1	ぬ	ぃ
1	ぬ	さ
1	ぬ	せ
1	ぬ	そ
1	ぬ	つ
1	ぬ	づ
1	ぬ	て
1	ぬ	で
1	ぬ	ど
1	ぬ	な
1	ぬ	ぬ
1	ぬ	ぼ
1	ぬ	め
1	ぬ	わ
1	ね	け
1	ね	ざ
1	ね	ぷ
1	ね	ろ
1	の	ぅ
1	は	ヴ
1	ば	ぬ
1	ば	ぱ
1	ば	ぺ
1	ぱ	、
1	ぱ	。
1	ぱ	け
1	ぱ	ぜ
1	ぱ	づ
1	ぱ	ば
1	ぱ	び
1	ぱ	へ
1	ぱ	べ
1	ひ	ぇ
1	ひ	ぎ
1	ひ	ぷ
1	ひ	べ
1	ひ	む
1	び	づ
1	び	ぱ
1	び	ぷ
1	ぴ	お
1	ぴ	け
1	ぴ	ご
1	ぴ	し
1	ぴ	せ
1	ぴ	ほ
1	ぴ	め
1	ふ	ぎ
1	ふ	へ
1	ぶ	ぐ
1	ぶ	ず
1	ぶ	ぜ
1	ぶ	ぞ
1	ぶ	び
1	ぶ	ぷ
1	ぶ	べ
1	ぷ	っ
1	ぷ	つ
1	ぷ	ど
1	ぷ	ね
1	ぷ	ゆ
1	へ	が
1	へ	ぐ
1	へ	げ
1	へ	ご
1	へ	ぜ
1	へ	ば
1	へ	ぷ
1	へ	ろ
1	べ	ぎ
1	べ	け
1	べ	じ
1	べ	だ
1	べ	づ
1	べ	ど
1	べ	ぱ
1	べ	ふ
1	べ	べ
1	べ	め
1	ぺ	か
1	ぺ	た
1	ぺ	で
1	ぺ	の
1	ぺ	ぱ
1	ほ	せ
1	ほ	つ
1	ほ	ひ
1	ほ	む
1	ほ	も
1	ほ	よ
1	ぼ	ぐ
1	ぼ	ご
1	ぼ	ひ
1	ぼ	ふ
1	ぼ	へ
1	ぼ	ほ
1	ぼ	む
1	ぼ	ゆ
1	ぽ	。
1	ぽ	き
1	ぽ	こ
1	ぽ	ぜ
1	ぽ	ぬ
1	ぽ	ひ
1	ぽ	ぽ
1	ぽ	み
1	ぽ	も
1	ぽ	わ
1	ま	ぇ
1	ま	ぴ
1	ま	ぺ
1	み	げ
1	む	ぅ
1	む	ぐ
1	む	ぴ
1	む	ぷ
1	め	ぬ
1	め	び
1	め	べ
1	め	ぺ
1	め	わ
1	も	ぺ
1	ゃ	づ
1	ゃ	び
1	ゃ	ゆ
1	や	ぇ
1	や	ぬ
1	ゅ	ヴ
1	ゅ	げ
1	ゅ	ぞ
1	ゅ	ね
1	ゅ	べ
1	ゅ	ま
1	ゅ	ろ
1	ゆ	ざ
1	ゆ	つ
1	ゆ	ど
1	ゆ	ね
1	ゆ	ば
1	ゆ	ほ
1	ょ	ヴ
1	ょ	え
1	よ	ぅ
1	よ	え
1	り	ぢ
1	る	ぁ
1	れ	う
1	れ	ヴ
1	れ	げ
1	れ	ご
1	れ	づ
1	れ	む
1	ろ	ぱ
1	ろ	ぽ
1	わ	ぞ
1	わ	ぼ
1	わ	み
1	を	ヴ
1	を	っ
1	を	ぺ
1	を	を
1	ん	ぢ
1	ん	ん
1	ー	ぞ
